Date,NCLI_1d,NCLI_2d,NIFTY,Signal_1d
2015-01-01,,,8561.0,
2015-01-02,,,8421.06,
2015-01-05,,,8261.07,
2015-01-06,,,8090.73,
2015-01-07,,,8251.44,
2015-01-08,,,8078.97,
2015-01-09,,,8249.34,
2015-01-12,,,8216.99,
2015-01-13,,,8205.71,
2015-01-14,,,8347.71,
2015-01-15,,,8497.8,
2015-01-16,,,8313.27,
2015-01-19,,,8457.34,
2015-01-20,,,8539.78,
2015-01-21,,,8542.03,
2015-01-22,,,8591.91,
2015-01-23,,,8613.15,
2015-01-26,,,8595.36,
2015-01-27,,,8730.93,
2015-01-28,,,8857.53,
2015-01-29,,,8836.26,
2015-01-30,,,8902.0,
2015-02-02,,,8902.0,
2015-02-03,,,8859.21,
2015-02-04,,,8903.6,
2015-02-05,,,8774.93,
2015-02-06,,,8757.64,
2015-02-09,,,8746.45,
2015-02-10,,,8870.59,
2015-02-11,,,8674.7,
2015-02-12,,,8541.38,
2015-02-13,,,8560.29,
2015-02-16,,,8352.09,
2015-02-17,,,8337.8,
2015-02-18,,,8309.96,
2015-02-19,,,8381.25,
2015-02-20,,,8401.96,
2015-02-23,,,8515.16,
2015-02-24,,,8477.87,
2015-02-25,,,8565.87,
2015-02-26,,,8174.18,
2015-02-27,,,8492.0,
2015-03-02,,,8492.0,
2015-03-03,,,8463.85,
2015-03-04,,,8349.98,
2015-03-05,,,8271.47,
2015-03-06,,,8032.66,
2015-03-09,,,8084.92,
2015-03-10,,,8239.44,
2015-03-11,100.0,100.0,8394.37,STRONG_BUY
2015-03-12,100.0,100.0,8455.14,STRONG_BUY
2015-03-13,100.0,100.0,8124.49,STRONG_BUY
2015-03-16,100.0,100.0,8090.05,STRONG_BUY
2015-03-17,100.0,100.0,8375.17,STRONG_BUY
2015-03-18,100.0,100.0,8357.74,STRONG_BUY
2015-03-19,100.0,100.0,8448.39,STRONG_BUY
2015-03-20,100.0,100.0,8314.67,STRONG_BUY
2015-03-23,100.0,100.0,8190.33,STRONG_BUY
2015-03-24,100.0,100.0,8102.25,STRONG_BUY
2015-03-25,100.0,100.0,8028.64,STRONG_BUY
2015-03-26,100.0,100.0,7893.06,STRONG_BUY
2015-03-27,100.0,100.0,8028.44,STRONG_BUY
2015-03-30,68.77,100.0,8142.22,STRONG_BUY
2015-03-31,100.0,100.0,8181.0,STRONG_BUY
2015-04-01,100.0,100.0,8181.0,STRONG_BUY
2015-04-02,100.0,100.0,8220.81,STRONG_BUY
2015-04-03,100.0,100.0,8070.73,STRONG_BUY
2015-04-06,100.0,100.0,8094.37,STRONG_BUY
2015-04-07,100.0,100.0,8119.06,STRONG_BUY
2015-04-08,100.0,100.0,8043.48,STRONG_BUY
2015-04-09,100.0,100.0,8111.94,STRONG_BUY
2015-04-10,100.0,100.0,7970.3,STRONG_BUY
2015-04-13,100.0,100.0,7958.1,STRONG_BUY
2015-04-14,100.0,100.0,8009.48,STRONG_BUY
2015-04-15,100.0,78.77,8006.93,STRONG_BUY
2015-04-16,100.0,100.0,8060.01,STRONG_BUY
2015-04-17,27.16,36.51,8175.37,BUY
2015-04-20,40.83,71.64,8193.5,STRONG_BUY
2015-04-21,19.71,-10.07,8216.01,NEUTRAL
2015-04-22,-64.22,-56.49,8428.24,STRONG_SELL
2015-04-23,-14.66,28.41,8461.75,NEUTRAL
2015-04-24,4.13,37.93,8431.32,NEUTRAL
2015-04-27,41.8,100.0,8371.09,STRONG_BUY
2015-04-28,62.91,100.0,8370.6,STRONG_BUY
2015-04-29,-8.22,65.96,8443.63,NEUTRAL
2015-04-30,-8.87,58.31,8434.0,NEUTRAL
2015-05-01,40.53,84.58,8434.0,STRONG_BUY
2015-05-04,14.51,32.53,8420.19,NEUTRAL
2015-05-05,100.0,100.0,8282.18,STRONG_BUY
2015-05-06,100.0,100.0,8303.52,STRONG_BUY
2015-05-07,100.0,100.0,8250.82,STRONG_BUY
2015-05-08,100.0,100.0,8117.37,STRONG_BUY
2015-05-11,100.0,100.0,8112.33,STRONG_BUY
2015-05-12,100.0,100.0,7967.6,STRONG_BUY
2015-05-13,100.0,100.0,7950.23,STRONG_BUY
2015-05-14,100.0,100.0,7942.97,STRONG_BUY
2015-05-15,100.0,100.0,8000.55,STRONG_BUY
2015-05-18,54.95,14.99,8133.01,STRONG_BUY
2015-05-19,100.0,100.0,8006.62,STRONG_BUY
2015-05-20,95.5,93.45,8140.65,STRONG_BUY
2015-05-21,8.03,-0.5,8190.62,NEUTRAL
2015-05-22,-81.24,-45.08,8420.5,STRONG_SELL
2015-05-25,-56.12,-37.44,8321.6,STRONG_SELL
2015-05-26,-37.23,-7.59,8341.94,SELL
2015-05-27,-100.0,-85.72,8597.51,
2015-05-28,-62.07,7.41,8544.93,STRONG_SELL
2015-05-29,27.26,41.52,8369.0,BUY
2015-06-01,55.11,100.0,8369.0,STRONG_BUY
2015-06-02,-29.16,-6.69,8427.81,SELL
2015-06-03,-70.44,-52.35,8467.02,STRONG_SELL
2015-06-04,0.57,2.25,8415.44,NEUTRAL
2015-06-05,31.66,84.08,8441.93,BUY
2015-06-08,43.93,95.67,8390.2,STRONG_BUY
2015-06-09,89.61,76.12,8349.24,STRONG_BUY
2015-06-10,100.0,100.0,8379.79,STRONG_BUY
2015-06-11,86.7,52.15,8443.28,STRONG_BUY
2015-06-12,67.59,73.52,8401.22,STRONG_BUY
2015-06-15,-30.01,-15.22,8525.77,SELL
2015-06-16,10.42,31.23,8587.2,NEUTRAL
2015-06-17,-12.77,-13.84,8616.68,NEUTRAL
2015-06-18,99.18,95.31,8507.81,STRONG_BUY
2015-06-19,30.1,-2.86,8639.8,BUY
2015-06-22,37.87,54.13,8641.16,BUY
2015-06-23,81.92,65.23,8623.94,STRONG_BUY
2015-06-24,-49.11,-42.91,8786.27,STRONG_SELL
2015-06-25,-74.62,-68.99,8770.4,STRONG_SELL
2015-06-26,-49.3,-27.51,8809.97,STRONG_SELL
2015-06-29,100.0,100.0,8519.24,STRONG_BUY
2015-06-30,100.0,100.0,8533.0,STRONG_BUY
2015-07-01,100.0,100.0,8533.0,STRONG_BUY
2015-07-02,100.0,100.0,8490.88,STRONG_BUY
2015-07-03,100.0,100.0,8549.51,STRONG_BUY
2015-07-06,100.0,100.0,8469.24,STRONG_BUY
2015-07-07,100.0,100.0,8545.8,STRONG_BUY
2015-07-08,100.0,76.91,8540.23,STRONG_BUY
2015-07-09,-35.32,-79.71,8830.05,SELL
2015-07-10,-37.19,-76.77,8843.02,SELL
2015-07-13,-96.66,-100.0,8910.05,STRONG_SELL
2015-07-14,-41.95,-35.68,8896.52,STRONG_SELL
2015-07-15,38.97,20.46,8846.12,BUY
2015-07-16,74.1,60.8,8732.69,STRONG_BUY
2015-07-17,98.19,93.92,8673.23,STRONG_BUY
2015-07-20,100.0,100.0,8625.75,STRONG_BUY
2015-07-21,100.0,86.12,8633.14,STRONG_BUY
2015-07-22,100.0,100.0,8459.35,STRONG_BUY
2015-07-23,100.0,100.0,8090.95,STRONG_BUY
2015-07-24,100.0,100.0,8208.16,STRONG_BUY
2015-07-27,100.0,100.0,8172.62,STRONG_BUY
2015-07-28,100.0,100.0,8040.56,STRONG_BUY
2015-07-29,100.0,100.0,8018.35,STRONG_BUY
2015-07-30,100.0,100.0,7947.59,STRONG_BUY
2015-07-31,100.0,100.0,7971.0,STRONG_BUY
2015-08-03,100.0,100.0,7971.0,STRONG_BUY
2015-08-04,97.64,62.63,8226.75,STRONG_BUY
2015-08-05,100.0,97.89,8153.85,STRONG_BUY
2015-08-06,100.0,100.0,7956.96,STRONG_BUY
2015-08-07,100.0,100.0,7822.9,STRONG_BUY
2015-08-10,100.0,100.0,7851.96,STRONG_BUY
2015-08-11,100.0,100.0,7847.07,STRONG_BUY
2015-08-12,100.0,100.0,7874.79,STRONG_BUY
2015-08-13,100.0,100.0,7800.19,STRONG_BUY
2015-08-14,72.11,64.91,7911.42,STRONG_BUY
2015-08-17,41.33,13.74,7957.55,STRONG_BUY
2015-08-18,7.59,9.56,8049.15,NEUTRAL
2015-08-19,-19.2,-7.49,8071.26,NEUTRAL
2015-08-20,-22.48,-19.32,8092.38,SELL
2015-08-21,59.9,84.71,7974.87,STRONG_BUY
2015-08-24,70.95,72.3,7954.01,STRONG_BUY
2015-08-25,68.83,80.94,7904.33,STRONG_BUY
2015-08-26,100.0,100.0,7827.5,STRONG_BUY
2015-08-27,100.0,100.0,7796.64,STRONG_BUY
2015-08-28,-12.61,40.22,8053.23,NEUTRAL
2015-08-31,42.36,19.84,7948.0,STRONG_BUY
2015-09-01,82.22,72.77,7948.0,STRONG_BUY
2015-09-02,46.39,18.24,7981.29,STRONG_BUY
2015-09-03,76.3,72.66,7946.38,STRONG_BUY
2015-09-04,40.23,42.63,8003.8,STRONG_BUY
2015-09-07,67.31,18.04,8003.28,STRONG_BUY
2015-09-08,56.03,44.18,8014.13,STRONG_BUY
2015-09-09,100.0,100.0,7800.9,STRONG_BUY
2015-09-10,100.0,100.0,7840.48,STRONG_BUY
2015-09-11,99.06,47.88,7907.23,STRONG_BUY
2015-09-14,-12.44,-36.15,7953.27,NEUTRAL
2015-09-15,99.18,89.91,7853.89,STRONG_BUY
2015-09-16,100.0,100.0,7822.29,STRONG_BUY
2015-09-17,100.0,100.0,7760.69,STRONG_BUY
2015-09-18,100.0,100.0,7787.44,STRONG_BUY
2015-09-21,100.0,100.0,7786.02,STRONG_BUY
2015-09-22,0.37,-18.34,7927.1,NEUTRAL
2015-09-23,-94.2,-100.0,8060.11,STRONG_SELL
2015-09-24,-53.06,-50.23,8113.44,STRONG_SELL
2015-09-25,-94.19,-96.37,8148.71,STRONG_SELL
2015-09-28,71.99,83.5,7902.16,STRONG_BUY
2015-09-29,24.3,19.7,7952.05,BUY
2015-09-30,-41.89,6.34,8065.0,STRONG_SELL
2015-10-01,-37.89,-7.99,8065.0,SELL
2015-10-02,-36.67,-23.07,8075.7,SELL
2015-10-05,-8.97,14.36,8077.11,NEUTRAL
2015-10-06,-54.12,-95.9,8184.29,STRONG_SELL
2015-10-07,-62.77,-59.92,8259.43,STRONG_SELL
2015-10-08,-74.86,-80.37,8249.58,STRONG_SELL
2015-10-09,-100.0,-100.0,8559.7,
2015-10-12,-100.0,-100.0,8667.69,
2015-10-13,-100.0,-100.0,8568.38,
2015-10-14,-58.44,-62.62,8632.48,STRONG_SELL
2015-10-15,-35.94,-50.78,8480.9,SELL
2015-10-16,24.13,47.49,8433.43,BUY
2015-10-19,50.09,79.47,8353.89,STRONG_BUY
2015-10-20,65.72,83.15,8276.24,STRONG_BUY
2015-10-21,20.49,54.02,8385.57,BUY
2015-10-22,52.51,82.02,8332.12,STRONG_BUY
2015-10-23,98.84,100.0,8231.27,STRONG_BUY
2015-10-26,93.73,100.0,8209.44,STRONG_BUY
2015-10-27,22.84,23.94,8290.27,BUY
2015-10-28,100.0,100.0,8099.3,STRONG_BUY
2015-10-29,100.0,100.0,7809.41,STRONG_BUY
2015-10-30,100.0,100.0,7935.0,STRONG_BUY
2015-11-02,100.0,100.0,7935.0,STRONG_BUY
2015-11-03,100.0,100.0,7845.37,STRONG_BUY
2015-11-04,100.0,100.0,7897.36,STRONG_BUY
2015-11-05,91.69,78.42,8025.34,STRONG_BUY
2015-11-06,100.0,86.56,7999.34,STRONG_BUY
2015-11-09,100.0,100.0,7937.7,STRONG_BUY
2015-11-10,100.0,100.0,7923.91,STRONG_BUY
2015-11-11,100.0,100.0,7898.41,STRONG_BUY
2015-11-12,100.0,100.0,7891.08,STRONG_BUY
2015-11-13,100.0,100.0,7794.08,STRONG_BUY
2015-11-16,28.42,6.58,7965.67,BUY
2015-11-17,-5.98,-25.31,7961.11,NEUTRAL
2015-11-18,4.21,15.64,7973.87,NEUTRAL
2015-11-19,83.34,80.57,7858.92,STRONG_BUY
2015-11-20,93.87,100.0,7867.18,STRONG_BUY
2015-11-23,45.83,92.69,7886.84,STRONG_BUY
2015-11-24,100.0,100.0,7799.07,STRONG_BUY
2015-11-25,-23.88,16.85,7920.78,SELL
2015-11-26,15.68,23.6,7871.4,NEUTRAL
2015-11-27,-58.06,-26.26,8022.62,STRONG_SELL
2015-11-30,-14.95,-2.66,7946.0,NEUTRAL
2015-12-01,0.97,35.98,7946.0,NEUTRAL
2015-12-02,61.94,100.0,7874.34,STRONG_BUY
2015-12-03,100.0,100.0,7761.31,STRONG_BUY
2015-12-04,-17.7,9.59,7985.73,NEUTRAL
2015-12-07,100.0,81.47,7823.4,STRONG_BUY
2015-12-08,90.41,84.5,7884.09,STRONG_BUY
2015-12-09,66.55,35.18,7857.36,STRONG_BUY
2015-12-10,100.0,100.0,7850.38,STRONG_BUY
2015-12-11,100.0,100.0,7592.37,STRONG_BUY
2015-12-14,100.0,100.0,7626.8,STRONG_BUY
2015-12-15,100.0,100.0,7649.6,STRONG_BUY
2015-12-16,100.0,100.0,7631.47,STRONG_BUY
2015-12-17,100.0,100.0,7543.33,STRONG_BUY
2015-12-18,100.0,100.0,7446.93,STRONG_BUY
2015-12-21,100.0,100.0,7415.54,STRONG_BUY
2015-12-22,100.0,100.0,7378.06,STRONG_BUY
2015-12-23,100.0,100.0,7410.11,STRONG_BUY
2015-12-24,100.0,100.0,7389.04,STRONG_BUY
2015-12-25,79.75,47.92,7409.44,STRONG_BUY
2015-12-28,100.0,100.0,7347.81,STRONG_BUY
2015-12-29,100.0,100.0,7360.4,STRONG_BUY
2015-12-30,29.25,-3.24,7438.64,BUY
2015-12-31,-57.99,-42.16,7563.0,STRONG_SELL
2016-01-01,-43.11,-42.15,7563.0,STRONG_SELL
2016-01-04,5.82,-4.8,7504.99,NEUTRAL
2016-01-05,100.0,100.0,7430.44,STRONG_BUY
2016-01-06,100.0,100.0,7295.04,STRONG_BUY
2016-01-07,100.0,100.0,7263.27,STRONG_BUY
2016-01-08,100.0,100.0,7113.54,STRONG_BUY
2016-01-11,100.0,100.0,7253.15,STRONG_BUY
2016-01-12,88.84,59.47,7204.77,STRONG_BUY
2016-01-13,90.76,80.75,7227.72,STRONG_BUY
2016-01-14,100.0,100.0,7193.69,STRONG_BUY
2016-01-15,100.0,100.0,7092.58,STRONG_BUY
2016-01-18,100.0,100.0,7020.11,STRONG_BUY
2016-01-19,87.26,68.12,7153.94,STRONG_BUY
2016-01-20,3.84,-25.07,7194.56,NEUTRAL
2016-01-21,81.98,90.74,7127.63,STRONG_BUY
2016-01-22,100.0,100.0,6840.54,STRONG_BUY
2016-01-25,100.0,100.0,6835.08,STRONG_BUY
2016-01-26,100.0,100.0,6755.82,STRONG_BUY
2016-01-27,72.34,52.29,6895.85,STRONG_BUY
2016-01-28,23.37,-4.4,6911.81,BUY
2016-01-29,-36.67,-39.61,6987.0,SELL
2016-02-01,-49.53,-15.85,6987.0,STRONG_SELL
2016-02-02,69.6,94.3,6885.63,STRONG_BUY
2016-02-03,100.0,100.0,6823.88,STRONG_BUY
2016-02-04,100.0,100.0,6744.52,STRONG_BUY
2016-02-05,22.54,25.85,6848.34,BUY
2016-02-08,-30.52,-30.38,6945.37,SELL
2016-02-09,-100.0,-100.0,7098.89,
2016-02-10,-23.74,-14.3,7001.65,SELL
2016-02-11,-100.0,-100.0,7144.9,
2016-02-12,-100.0,-100.0,7129.86,
2016-02-15,-45.01,-21.37,7062.34,STRONG_SELL
2016-02-16,-25.95,-22.93,7047.19,SELL
2016-02-17,-100.0,-100.0,7223.21,
2016-02-18,-100.0,-100.0,7290.92,
2016-02-19,-100.0,-100.0,7384.25,
2016-02-22,-100.0,-100.0,7388.51,
2016-02-23,-100.0,-100.0,7471.41,
2016-02-24,-100.0,-100.0,7595.1,
2016-02-25,-100.0,-100.0,7633.9,
2016-02-26,-100.0,-100.0,7732.6,
2016-02-29,-100.0,-100.0,7738.0,
2016-03-01,-100.0,-100.0,7738.0,
2016-03-02,-100.0,-100.0,7745.95,
2016-03-03,-100.0,-81.94,7724.11,
2016-03-04,-86.66,-75.26,7651.42,STRONG_SELL
2016-03-07,-87.26,-70.29,7696.39,STRONG_SELL
2016-03-08,-100.0,-100.0,7716.56,
2016-03-09,-100.0,-100.0,7923.88,
2016-03-10,-100.0,-100.0,7829.72,
2016-03-11,-87.83,-90.06,7914.69,STRONG_SELL
2016-03-14,-83.19,-68.81,7962.65,STRONG_SELL
2016-03-15,-52.91,-83.81,7862.14,STRONG_SELL
2016-03-16,-23.8,-37.36,7896.41,SELL
2016-03-17,-96.95,-100.0,7980.58,STRONG_SELL
2016-03-18,-100.0,-100.0,8011.41,
2016-03-21,-77.55,-85.66,7976.92,STRONG_SELL
2016-03-22,25.52,23.69,7834.75,BUY
2016-03-23,60.98,63.21,7799.12,STRONG_BUY
2016-03-24,58.83,63.97,7676.66,STRONG_BUY
2016-03-25,24.16,37.79,7688.63,BUY
2016-03-28,-81.19,-80.48,7825.42,STRONG_SELL
2016-03-29,-100.0,-100.0,8081.53,
2016-03-30,-89.19,-64.31,7915.07,STRONG_SELL
2016-03-31,-6.22,60.92,7850.0,NEUTRAL
2016-04-01,7.8,30.52,7850.0,NEUTRAL
2016-04-04,-75.04,-56.99,7980.29,STRONG_SELL
2016-04-05,-72.48,-55.76,8027.56,STRONG_SELL
2016-04-06,-84.89,-100.0,8050.34,STRONG_SELL
2016-04-07,-95.48,-100.0,8178.34,STRONG_SELL
2016-04-08,-94.67,-100.0,8200.6,STRONG_SELL
2016-04-11,-100.0,-100.0,8248.03,
2016-04-12,-95.83,-100.0,8364.44,STRONG_SELL
2016-04-13,-100.0,-100.0,8615.56,
2016-04-14,-100.0,-100.0,8480.42,
2016-04-15,-69.45,-66.5,8407.68,STRONG_SELL
2016-04-18,-45.41,-40.96,8368.97,STRONG_SELL
2016-04-19,3.46,11.5,8297.41,NEUTRAL
2016-04-20,-10.77,-40.02,8262.48,NEUTRAL
2016-04-21,87.54,100.0,8089.35,STRONG_BUY
2016-04-22,100.0,100.0,7866.61,STRONG_BUY
2016-04-25,81.13,100.0,7958.68,STRONG_BUY
2016-04-26,94.36,100.0,7946.06,STRONG_BUY
2016-04-27,81.55,38.9,7949.4,STRONG_BUY
2016-04-28,29.33,60.75,8092.38,BUY
2016-04-29,24.16,-4.02,8161.0,BUY
2016-05-02,24.01,-13.67,8161.0,BUY
2016-05-03,65.52,72.64,8125.79,STRONG_BUY
2016-05-04,100.0,85.66,7980.69,STRONG_BUY
2016-05-05,86.63,75.25,7961.43,STRONG_BUY
2016-05-06,100.0,100.0,7845.13,STRONG_BUY
2016-05-09,100.0,100.0,7794.99,STRONG_BUY
2016-05-10,100.0,100.0,7789.37,STRONG_BUY
2016-05-11,100.0,100.0,7783.9,STRONG_BUY
2016-05-12,100.0,100.0,7731.09,STRONG_BUY
2016-05-13,-5.66,-0.82,7941.69,NEUTRAL
2016-05-16,-4.58,-12.23,7911.79,NEUTRAL
2016-05-17,-100.0,-100.0,8127.11,
2016-05-18,-100.0,-100.0,8223.8,
2016-05-19,-100.0,-100.0,8163.2,
2016-05-20,-79.4,-63.2,8250.86,STRONG_SELL
2016-05-23,-50.01,-65.06,8133.4,STRONG_SELL
2016-05-24,-100.0,-100.0,8389.35,
2016-05-25,-100.0,-100.0,8365.45,
2016-05-26,-72.73,-37.08,8271.02,STRONG_SELL
2016-05-27,-100.0,-100.0,8322.87,
2016-05-30,-68.1,-23.68,8233.75,STRONG_SELL
2016-05-31,-64.34,-42.67,8288.0,STRONG_SELL
2016-06-01,-56.95,-78.93,8288.0,STRONG_SELL
2016-06-02,-100.0,-100.0,8340.1,
2016-06-03,-100.0,-100.0,8393.56,
2016-06-06,-92.39,-72.34,8384.08,STRONG_SELL
2016-06-07,31.91,45.22,8196.64,BUY
2016-06-08,2.6,2.57,8259.13,NEUTRAL
2016-06-09,92.37,85.6,8055.2,STRONG_BUY
2016-06-10,100.0,100.0,8075.53,STRONG_BUY
2016-06-13,100.0,100.0,8068.24,STRONG_BUY
2016-06-14,-100.0,-100.0,8315.58,
2016-06-15,-100.0,-100.0,8414.78,
2016-06-16,-82.98,-99.57,8358.54,STRONG_SELL
2016-06-17,-81.49,-72.75,8389.48,STRONG_SELL
2016-06-20,-100.0,-100.0,8489.14,
2016-06-21,-100.0,-100.0,8434.11,
2016-06-22,-100.0,-100.0,8516.4,
2016-06-23,-84.92,-98.17,8452.26,STRONG_SELL
2016-06-24,-100.0,-100.0,8569.93,
2016-06-27,-100.0,-100.0,8756.73,
2016-06-28,-100.0,-100.0,8702.17,
2016-06-29,-100.0,-100.0,8940.86,
2016-06-30,-68.98,-1.2,8638.0,STRONG_SELL
2016-07-01,-51.37,-54.32,8638.0,STRONG_SELL
2016-07-04,-38.17,-3.01,8696.97,SELL
2016-07-05,-100.0,-100.0,8852.0,
2016-07-06,-61.27,-54.18,8760.97,STRONG_SELL
2016-07-07,-93.51,-98.16,8871.36,STRONG_SELL
2016-07-08,-72.53,-96.35,8854.13,STRONG_SELL
2016-07-11,-91.56,-83.94,8987.95,STRONG_SELL
2016-07-12,-100.0,-100.0,9117.96,
2016-07-13,-82.44,-81.05,9139.81,STRONG_SELL
2016-07-14,-100.0,-100.0,9415.61,
2016-07-15,-100.0,-100.0,9349.27,
2016-07-18,-98.13,-100.0,9323.04,STRONG_SELL
2016-07-19,-100.0,-100.0,9564.87,
2016-07-20,-100.0,-100.0,9385.75,
2016-07-21,-12.75,-24.98,9126.91,NEUTRAL
2016-07-22,12.68,4.36,9059.14,NEUTRAL
2016-07-25,57.78,90.71,8945.4,STRONG_BUY
2016-07-26,17.55,74.42,9047.61,NEUTRAL
2016-07-27,-63.79,-15.88,9183.53,STRONG_SELL
2016-07-28,79.93,97.98,8910.48,STRONG_BUY
2016-07-29,100.0,100.0,8786.0,STRONG_BUY
2016-08-01,100.0,100.0,8786.0,STRONG_BUY
2016-08-02,95.49,46.78,8881.42,STRONG_BUY
2016-08-03,78.92,78.54,8879.96,STRONG_BUY
2016-08-04,53.06,38.69,8904.68,STRONG_BUY
2016-08-05,88.65,71.43,8756.67,STRONG_BUY
2016-08-08,90.61,85.29,8813.6,STRONG_BUY
2016-08-09,-0.85,-22.49,8946.36,NEUTRAL
2016-08-10,-35.95,-73.99,9032.03,SELL
2016-08-11,-52.1,-64.19,9070.27,STRONG_SELL
2016-08-12,-19.24,-16.14,9009.96,NEUTRAL
2016-08-15,-37.59,-2.18,9059.74,SELL
2016-08-16,14.12,5.11,8993.1,NEUTRAL
2016-08-17,4.5,-10.09,8940.75,NEUTRAL
2016-08-18,54.2,46.28,8855.87,STRONG_BUY
2016-08-19,95.06,76.3,8784.09,STRONG_BUY
2016-08-22,99.95,90.41,8758.16,STRONG_BUY
2016-08-23,-1.39,37.06,8932.65,NEUTRAL
2016-08-24,-15.51,-72.15,8992.65,NEUTRAL
2016-08-25,-100.0,-100.0,9072.79,
2016-08-26,1.56,9.51,8891.71,NEUTRAL
2016-08-29,33.91,67.68,8846.72,BUY
2016-08-30,100.0,100.0,8468.79,STRONG_BUY
2016-08-31,100.0,100.0,8611.0,STRONG_BUY
2016-09-01,100.0,100.0,8611.0,STRONG_BUY
2016-09-02,81.11,100.0,8604.58,STRONG_BUY
2016-09-05,100.0,100.0,8522.67,STRONG_BUY
2016-09-06,100.0,98.33,8568.97,STRONG_BUY
2016-09-07,48.13,22.77,8728.65,STRONG_BUY
2016-09-08,0.16,-28.35,8759.51,NEUTRAL
2016-09-09,7.88,33.04,8774.66,NEUTRAL
2016-09-12,47.5,58.93,8767.34,STRONG_BUY
2016-09-13,35.02,61.67,8735.89,BUY
2016-09-14,40.16,33.93,8794.13,STRONG_BUY
2016-09-15,-67.73,-88.25,8938.4,STRONG_SELL
2016-09-16,-31.71,-20.81,8885.16,SELL
2016-09-19,1.99,27.37,8800.41,NEUTRAL
2016-09-20,-92.33,-100.0,8933.51,STRONG_SELL
2016-09-21,-74.52,-100.0,8895.82,STRONG_SELL
2016-09-22,46.8,67.78,8723.51,STRONG_BUY
2016-09-23,83.59,55.15,8658.34,STRONG_BUY
2016-09-26,39.57,44.91,8690.19,BUY
2016-09-27,52.21,46.46,8605.32,STRONG_BUY
2016-09-28,100.0,100.0,8557.73,STRONG_BUY
2016-09-29,100.0,100.0,8594.59,STRONG_BUY
2016-09-30,59.81,57.41,8625.0,STRONG_BUY
2016-10-03,48.66,50.97,8625.0,STRONG_BUY
2016-10-04,91.68,51.58,8551.72,STRONG_BUY
2016-10-05,100.0,100.0,8401.5,STRONG_BUY
2016-10-06,100.0,100.0,8322.48,STRONG_BUY
2016-10-07,100.0,100.0,8403.69,STRONG_BUY
2016-10-10,100.0,78.51,8431.99,STRONG_BUY
2016-10-11,66.42,34.68,8564.75,STRONG_BUY
2016-10-12,-70.65,-100.0,8876.86,STRONG_SELL
2016-10-13,58.13,22.04,8566.35,STRONG_BUY
2016-10-14,100.0,100.0,8413.09,STRONG_BUY
2016-10-17,83.67,49.68,8507.51,STRONG_BUY
2016-10-18,100.0,68.46,8400.69,STRONG_BUY
2016-10-19,100.0,100.0,8334.46,STRONG_BUY
2016-10-20,100.0,82.69,8278.83,STRONG_BUY
2016-10-21,100.0,100.0,8321.49,STRONG_BUY
2016-10-24,100.0,100.0,8273.04,STRONG_BUY
2016-10-25,28.79,39.12,8311.72,BUY
2016-10-26,43.06,21.9,8326.77,STRONG_BUY
2016-10-27,-4.37,1.61,8384.34,NEUTRAL
2016-10-28,80.74,100.0,8264.31,STRONG_BUY
2016-10-31,89.04,96.6,8224.0,STRONG_BUY
2016-11-01,100.0,100.0,8224.0,STRONG_BUY
2016-11-02,3.63,-22.64,8291.17,NEUTRAL
2016-11-03,10.09,45.26,8281.12,NEUTRAL
2016-11-04,14.31,-1.02,8272.46,NEUTRAL
2016-11-07,100.0,96.35,8187.7,STRONG_BUY
2016-11-08,100.0,100.0,8058.21,STRONG_BUY
2016-11-09,100.0,100.0,7813.01,STRONG_BUY
2016-11-10,100.0,94.89,7909.13,STRONG_BUY
2016-11-11,100.0,100.0,7817.11,STRONG_BUY
2016-11-14,100.0,100.0,7574.87,STRONG_BUY
2016-11-15,100.0,100.0,7581.78,STRONG_BUY
2016-11-16,100.0,100.0,7628.81,STRONG_BUY
2016-11-17,33.36,18.92,7927.78,BUY
2016-11-18,14.59,4.34,8012.47,NEUTRAL
2016-11-21,3.81,-17.15,8048.24,NEUTRAL
2016-11-22,-0.03,-38.16,8052.28,NEUTRAL
2016-11-23,-68.36,-90.72,8177.49,STRONG_SELL
2016-11-24,-87.35,-100.0,8223.2,STRONG_SELL
2016-11-25,-70.75,-58.22,8112.68,STRONG_SELL
2016-11-28,-61.3,-10.32,8200.59,STRONG_SELL
2016-11-29,-43.11,-33.59,8067.83,STRONG_SELL
2016-11-30,-100.0,-80.23,8185.0,
2016-12-01,-80.84,-99.93,8185.0,STRONG_SELL
2016-12-02,-100.0,-100.0,8295.19,
2016-12-05,-100.0,-100.0,8317.88,
2016-12-06,-100.0,-100.0,8324.38,
2016-12-07,-48.27,-34.18,8312.34,STRONG_SELL
2016-12-08,-82.52,-100.0,8350.07,STRONG_SELL
2016-12-09,-44.13,-22.93,8342.52,STRONG_SELL
2016-12-12,-49.96,-65.4,8310.19,STRONG_SELL
2016-12-13,-91.51,-79.89,8422.02,STRONG_SELL
2016-12-14,-70.71,-52.82,8408.48,STRONG_SELL
2016-12-15,39.0,61.08,8277.27,BUY
2016-12-16,-100.0,-95.63,8521.95,
2016-12-19,-100.0,-99.14,8645.27,
2016-12-20,-100.0,-100.0,8636.67,
2016-12-21,-100.0,-100.0,8714.27,
2016-12-22,-97.08,-63.56,8712.33,STRONG_SELL
2016-12-23,-90.97,-100.0,8710.83,STRONG_SELL
2016-12-26,2.53,11.61,8526.55,NEUTRAL
2016-12-27,100.0,100.0,8258.07,STRONG_BUY
2016-12-28,100.0,100.0,8125.17,STRONG_BUY
2016-12-29,13.88,51.98,8501.48,NEUTRAL
2016-12-30,-35.97,-25.74,8563.0,SELL
2017-01-02,-21.68,-33.66,8563.0,SELL
2017-01-03,14.89,34.44,8631.0,NEUTRAL
2017-01-04,-37.55,-26.32,8656.22,SELL
2017-01-05,-33.11,-16.1,8761.81,SELL
2017-01-06,-23.76,-42.53,8728.39,SELL
2017-01-09,36.98,21.32,8715.82,BUY
2017-01-10,46.91,30.89,8637.02,STRONG_BUY
2017-01-11,40.83,51.93,8686.0,STRONG_BUY
2017-01-12,95.75,100.0,8641.57,STRONG_BUY
2017-01-13,71.3,51.04,8618.13,STRONG_BUY
2017-01-16,-6.6,-4.1,8741.14,NEUTRAL
2017-01-17,-11.55,-35.12,8749.82,NEUTRAL
2017-01-18,-42.98,-73.51,8755.85,STRONG_SELL
2017-01-19,10.21,8.32,8762.77,NEUTRAL
2017-01-20,90.03,97.36,8650.61,STRONG_BUY
2017-01-23,63.64,48.17,8725.41,STRONG_BUY
2017-01-24,52.86,66.18,8706.14,STRONG_BUY
2017-01-25,-10.45,28.54,8797.95,NEUTRAL
2017-01-26,-100.0,-95.8,8897.92,
2017-01-27,-100.0,-100.0,8962.24,
2017-01-30,-100.0,-100.0,8961.21,
2017-01-31,-26.95,-17.23,8879.0,SELL
2017-02-01,1.5,12.26,8879.0,NEUTRAL
2017-02-02,55.75,68.85,8690.79,STRONG_BUY
2017-02-03,100.0,100.0,8525.51,STRONG_BUY
2017-02-06,100.0,100.0,8548.64,STRONG_BUY
2017-02-07,100.0,100.0,8615.04,STRONG_BUY
2017-02-08,60.47,22.04,8656.66,STRONG_BUY
2017-02-09,98.9,68.23,8600.99,STRONG_BUY
2017-02-10,100.0,100.0,8558.89,STRONG_BUY
2017-02-13,-18.44,-38.7,8771.62,NEUTRAL
2017-02-14,-81.59,-100.0,8867.98,STRONG_SELL
2017-02-15,-100.0,-100.0,8943.66,
2017-02-16,-68.82,-33.08,8967.43,STRONG_SELL
2017-02-17,-100.0,-100.0,9126.86,
2017-02-20,-70.57,-100.0,9035.96,STRONG_SELL
2017-02-21,-26.21,-40.61,8984.29,SELL
2017-02-22,5.5,10.15,8976.84,NEUTRAL
2017-02-23,-100.0,-71.82,9195.51,
2017-02-24,-100.0,-100.0,9271.48,
2017-02-27,-100.0,-75.37,9222.38,
2017-02-28,-91.86,-63.31,9173.0,STRONG_SELL
2017-03-01,-43.98,-4.53,9173.0,STRONG_SELL
2017-03-02,-17.51,62.0,9097.8,NEUTRAL
2017-03-03,23.98,49.77,9031.84,BUY
2017-03-06,53.67,71.79,9042.67,STRONG_BUY
2017-03-07,100.0,85.44,8926.17,STRONG_BUY
2017-03-08,2.4,2.86,9060.1,NEUTRAL
2017-03-09,35.07,49.37,9108.19,BUY
2017-03-10,-19.29,-31.47,9165.76,NEUTRAL
2017-03-13,-49.51,-55.17,9181.14,STRONG_SELL
2017-03-14,-91.6,-100.0,9219.33,STRONG_SELL
2017-03-15,-100.0,-100.0,9329.93,
2017-03-16,-100.0,-99.13,9340.91,
2017-03-17,-100.0,-100.0,9536.7,
2017-03-20,-100.0,-100.0,9601.11,
2017-03-21,-100.0,-100.0,9581.67,
2017-03-22,14.1,20.45,9408.48,NEUTRAL
2017-03-23,8.52,14.22,9348.03,NEUTRAL
2017-03-24,35.0,14.39,9327.31,BUY
2017-03-27,-63.13,-1.49,9356.55,STRONG_SELL
2017-03-28,-1.13,9.02,9273.33,NEUTRAL
2017-03-29,25.76,59.36,9254.59,BUY
2017-03-30,27.26,84.72,9295.91,BUY
2017-03-31,7.73,17.68,9304.0,NEUTRAL
2017-04-03,22.03,16.67,9304.0,BUY
2017-04-04,-11.87,1.08,9438.65,NEUTRAL
2017-04-05,-100.0,-100.0,9555.49,
2017-04-06,-100.0,-100.0,9629.83,
2017-04-07,-6.86,3.65,9499.31,NEUTRAL
2017-04-10,43.64,5.07,9456.07,STRONG_BUY
2017-04-11,36.54,16.93,9431.26,BUY
2017-04-12,84.9,100.0,9315.12,STRONG_BUY
2017-04-13,100.0,100.0,9213.84,STRONG_BUY
2017-04-14,100.0,100.0,9165.89,STRONG_BUY
2017-04-17,24.96,39.3,9381.63,BUY
2017-04-18,-59.82,-76.87,9527.78,STRONG_SELL
2017-04-19,-98.05,-100.0,9585.61,STRONG_SELL
2017-04-20,-100.0,-100.0,9754.69,
2017-04-21,-56.62,-56.0,9645.04,STRONG_SELL
2017-04-24,-59.17,-56.13,9668.99,STRONG_SELL
2017-04-25,79.45,93.54,9520.57,STRONG_BUY
2017-04-26,100.0,100.0,9456.62,STRONG_BUY
2017-04-27,-100.0,-100.0,9836.53,
2017-04-28,-44.13,-18.73,9621.0,STRONG_SELL
2017-05-01,-11.11,-27.15,9621.0,NEUTRAL
2017-05-02,-100.0,-100.0,9910.62,
2017-05-03,-100.0,-100.0,9884.49,
2017-05-04,-100.0,-100.0,9805.1,
2017-05-05,-71.63,5.03,9800.43,STRONG_SELL
2017-05-08,-56.75,-61.88,9859.67,STRONG_SELL
2017-05-09,-9.6,21.36,9785.28,NEUTRAL
2017-05-10,39.31,66.99,9751.94,BUY
2017-05-11,78.14,60.55,9742.33,STRONG_BUY
2017-05-12,8.2,-5.95,9791.93,NEUTRAL
2017-05-15,100.0,100.0,9682.12,STRONG_BUY
2017-05-16,100.0,90.7,9684.58,STRONG_BUY
2017-05-17,100.0,100.0,9702.72,STRONG_BUY
2017-05-18,100.0,72.96,9597.88,STRONG_BUY
2017-05-19,21.78,7.8,9778.05,BUY
2017-05-22,-58.97,-37.57,9903.56,STRONG_SELL
2017-05-23,-100.0,-100.0,9970.82,
2017-05-24,21.45,17.5,9729.45,BUY
2017-05-25,80.53,100.0,9611.08,STRONG_BUY
2017-05-26,28.63,74.76,9736.58,BUY
2017-05-29,27.05,74.36,9676.67,BUY
2017-05-30,100.0,100.0,9541.0,STRONG_BUY
2017-05-31,100.0,100.0,9521.0,STRONG_BUY
2017-06-01,100.0,100.0,9521.0,STRONG_BUY
2017-06-02,100.0,100.0,9443.81,STRONG_BUY
2017-06-05,100.0,76.48,9592.78,STRONG_BUY
2017-06-06,93.19,48.64,9583.3,STRONG_BUY
2017-06-07,100.0,100.0,9384.61,STRONG_BUY
2017-06-08,100.0,100.0,9460.45,STRONG_BUY
2017-06-09,100.0,66.02,9485.2,STRONG_BUY
2017-06-12,23.2,32.74,9622.76,BUY
2017-06-13,-96.98,-100.0,9801.49,STRONG_SELL
2017-06-14,-22.7,-7.29,9715.69,SELL
2017-06-15,64.96,49.46,9598.74,STRONG_BUY
2017-06-16,20.61,-29.51,9672.71,BUY
2017-06-19,-65.31,-100.0,9767.49,STRONG_SELL
2017-06-20,14.69,7.88,9741.98,NEUTRAL
2017-06-21,-89.27,-98.74,9832.22,STRONG_SELL
2017-06-22,-100.0,-100.0,9844.59,
2017-06-23,-28.57,-64.65,9723.11,SELL
2017-06-26,86.77,100.0,9642.12,STRONG_BUY
2017-06-27,100.0,100.0,9536.38,STRONG_BUY
2017-06-28,-61.85,-42.92,9779.46,STRONG_SELL
2017-06-29,-100.0,-100.0,9866.38,
2017-06-30,-100.0,-100.0,10020.0,
2017-07-03,-100.0,-100.0,10020.0,
2017-07-04,-100.0,-100.0,10043.28,
2017-07-05,-100.0,-100.0,10156.55,
2017-07-06,-100.0,-100.0,10113.62,
2017-07-07,-100.0,-100.0,10108.19,
2017-07-10,-100.0,-100.0,10146.73,
2017-07-11,-83.57,-62.16,10047.71,STRONG_SELL
2017-07-12,-81.86,-69.21,10046.43,STRONG_SELL
2017-07-13,41.31,74.5,9896.76,STRONG_BUY
2017-07-14,23.65,35.35,9968.23,BUY
2017-07-17,-100.0,-100.0,10175.08,
2017-07-18,-100.0,-100.0,10202.97,
2017-07-19,72.55,79.06,9976.03,STRONG_BUY
2017-07-20,100.0,76.06,9935.7,STRONG_BUY
2017-07-21,44.32,65.78,10112.56,STRONG_BUY
2017-07-24,100.0,100.0,9771.64,STRONG_BUY
2017-07-25,100.0,100.0,9771.14,STRONG_BUY
2017-07-26,100.0,100.0,9655.15,STRONG_BUY
2017-07-27,100.0,94.43,9758.25,STRONG_BUY
2017-07-28,88.1,100.0,9866.71,STRONG_BUY
2017-07-31,53.63,34.72,9918.0,STRONG_BUY
2017-08-01,30.9,46.7,9918.0,BUY
2017-08-02,59.99,71.72,9779.31,STRONG_BUY
2017-08-03,96.23,100.0,9737.91,STRONG_BUY
2017-08-04,100.0,100.0,9555.88,STRONG_BUY
2017-08-07,100.0,100.0,9613.8,STRONG_BUY
2017-08-08,39.76,17.22,9740.89,BUY
2017-08-09,27.82,40.38,9734.73,BUY
2017-08-10,100.0,100.0,9516.24,STRONG_BUY
2017-08-11,100.0,100.0,9502.41,STRONG_BUY
2017-08-14,-5.03,-34.14,9743.21,NEUTRAL
2017-08-15,-40.04,-56.37,9734.88,STRONG_SELL
2017-08-16,-100.0,-92.34,9838.24,
2017-08-17,-49.32,-46.09,9735.07,STRONG_SELL
2017-08-18,-92.1,-48.71,9847.78,STRONG_SELL
2017-08-21,-100.0,-100.0,9987.65,
2017-08-22,-100.0,-100.0,10056.08,
2017-08-23,-100.0,-100.0,10196.92,
2017-08-24,-100.0,-100.0,10131.97,
2017-08-25,-97.33,-60.84,10009.24,STRONG_SELL
2017-08-28,-18.2,22.35,9854.57,NEUTRAL
2017-08-29,-22.52,-12.21,9873.59,SELL
2017-08-30,-26.23,13.16,9882.95,SELL
2017-08-31,32.27,94.82,9788.0,BUY
2017-09-01,93.76,100.0,9788.0,STRONG_BUY
2017-09-04,-27.45,-2.63,9985.12,SELL
2017-09-05,-21.61,-29.32,9911.67,SELL
2017-09-06,11.39,12.53,9970.19,NEUTRAL
2017-09-07,10.17,20.1,9963.84,NEUTRAL
2017-09-08,-26.97,-54.36,10033.14,SELL
2017-09-11,-74.59,-64.93,10166.53,STRONG_SELL
2017-09-12,17.25,0.01,10079.7,NEUTRAL
2017-09-13,-21.73,-57.12,10092.6,SELL
2017-09-14,29.79,31.48,10028.96,BUY
2017-09-15,-4.55,1.17,10115.34,NEUTRAL
2017-09-18,90.07,87.08,9989.15,STRONG_BUY
2017-09-19,3.95,-17.73,10132.09,NEUTRAL
2017-09-20,100.0,100.0,9967.42,STRONG_BUY
2017-09-21,95.49,54.23,9986.86,STRONG_BUY
2017-09-22,86.73,60.18,10052.5,STRONG_BUY
2017-09-25,63.61,90.12,10026.26,STRONG_BUY
2017-09-26,65.81,90.95,10013.92,STRONG_BUY
2017-09-27,-46.62,2.4,10087.26,STRONG_SELL
2017-09-28,-87.97,-96.09,10140.32,STRONG_SELL
2017-09-29,-100.0,-100.0,10335.0,
2017-10-02,-100.0,-100.0,10335.0,
2017-10-03,-100.0,-100.0,10376.77,
2017-10-04,-100.0,-96.36,10399.07,
2017-10-05,-48.04,3.41,10356.16,STRONG_SELL
2017-10-06,-83.95,-80.44,10419.95,STRONG_SELL
2017-10-09,-100.0,-100.0,10586.49,
2017-10-10,-100.0,-100.0,10756.88,
2017-10-11,-100.0,-100.0,10744.83,
2017-10-12,-100.0,-100.0,10579.36,
2017-10-13,-33.47,29.53,10571.34,SELL
2017-10-16,-41.88,-4.83,10580.52,STRONG_SELL
2017-10-17,-5.92,40.68,10549.52,NEUTRAL
2017-10-18,-6.14,-7.82,10527.71,NEUTRAL
2017-10-19,100.0,100.0,9971.24,STRONG_BUY
2017-10-20,100.0,100.0,9809.91,STRONG_BUY
2017-10-23,100.0,100.0,9795.14,STRONG_BUY
2017-10-24,100.0,100.0,9841.17,STRONG_BUY
2017-10-25,100.0,100.0,10015.19,STRONG_BUY
2017-10-26,32.63,14.32,10259.44,BUY
2017-10-27,63.78,50.09,10135.62,STRONG_BUY
2017-10-30,100.0,100.0,10200.51,STRONG_BUY
2017-10-31,74.04,67.43,10226.0,STRONG_BUY
2017-11-01,69.28,6.4,10226.0,STRONG_BUY
2017-11-02,52.07,47.11,10196.84,STRONG_BUY
2017-11-03,59.09,51.06,10098.57,STRONG_BUY
2017-11-06,100.0,100.0,10061.82,STRONG_BUY
2017-11-07,100.0,100.0,10059.52,STRONG_BUY
2017-11-08,28.55,-0.19,10174.74,BUY
2017-11-09,-28.65,-73.01,10228.37,SELL
2017-11-10,-68.26,-100.0,10316.16,STRONG_SELL
2017-11-13,-78.08,-68.21,10455.62,STRONG_SELL
2017-11-14,-100.0,-100.0,10543.8,
2017-11-15,-100.0,-100.0,10687.2,
2017-11-16,-100.0,-100.0,10755.95,
2017-11-17,-100.0,-100.0,10710.47,
2017-11-20,70.93,79.25,10458.06,STRONG_BUY
2017-11-21,78.25,100.0,10388.21,STRONG_BUY
2017-11-22,16.35,13.9,10573.23,NEUTRAL
2017-11-23,36.43,26.3,10548.13,BUY
2017-11-24,-2.38,0.74,10589.95,NEUTRAL
2017-11-27,-100.0,-100.0,10918.26,
2017-11-28,-100.0,-100.0,10907.54,
2017-11-29,-100.0,-100.0,10928.92,
2017-11-30,100.0,91.62,10531.0,STRONG_BUY
2017-12-01,100.0,100.0,10531.0,STRONG_BUY
2017-12-04,95.77,100.0,10617.99,STRONG_BUY
2017-12-05,100.0,100.0,10472.2,STRONG_BUY
2017-12-06,100.0,100.0,10630.33,STRONG_BUY
2017-12-07,-80.88,-100.0,10847.73,STRONG_SELL
2017-12-08,-77.05,-98.41,10878.45,STRONG_SELL
2017-12-11,-100.0,-100.0,10952.65,
2017-12-12,-39.16,-57.54,10853.03,SELL
2017-12-13,-34.42,-50.58,10866.87,SELL
2017-12-14,-100.0,-92.37,11002.58,
2017-12-15,-25.04,8.21,10910.37,SELL
2017-12-18,32.9,57.66,10903.49,BUY
2017-12-19,-23.23,-22.97,10918.88,SELL
2017-12-20,86.46,93.29,10717.94,STRONG_BUY
2017-12-21,-90.14,-100.0,11063.26,STRONG_SELL
2017-12-22,-100.0,-100.0,11098.06,
2017-12-25,-100.0,-88.92,11215.0,
2017-12-26,-100.0,-100.0,11197.98,
2017-12-27,70.33,62.98,10868.46,STRONG_BUY
2017-12-28,-18.13,-11.19,11094.18,NEUTRAL
2017-12-29,51.52,61.16,11028.0,STRONG_BUY
2018-01-01,57.85,72.07,11028.0,STRONG_BUY
2018-01-02,40.67,55.42,11098.13,STRONG_BUY
2018-01-03,-77.43,-55.98,11284.03,STRONG_SELL
2018-01-04,-100.0,-100.0,11439.29,
2018-01-05,100.0,77.46,10965.34,STRONG_BUY
2018-01-08,57.57,65.85,11212.39,STRONG_BUY
2018-01-09,32.54,16.28,11177.33,BUY
2018-01-10,-28.69,-35.01,11234.41,SELL
2018-01-11,-43.05,-58.12,11298.43,STRONG_SELL
2018-01-12,34.4,20.45,11151.34,BUY
2018-01-15,95.86,95.6,11092.45,STRONG_BUY
2018-01-16,100.0,100.0,11067.22,STRONG_BUY
2018-01-17,100.0,100.0,11035.17,STRONG_BUY
2018-01-18,100.0,100.0,10887.26,STRONG_BUY
2018-01-19,100.0,100.0,10992.32,STRONG_BUY
2018-01-22,100.0,100.0,10915.81,STRONG_BUY
2018-01-23,100.0,100.0,10601.92,STRONG_BUY
2018-01-24,100.0,100.0,10662.16,STRONG_BUY
2018-01-25,100.0,100.0,10711.29,STRONG_BUY
2018-01-26,100.0,100.0,10586.85,STRONG_BUY
2018-01-29,100.0,100.0,10593.7,STRONG_BUY
2018-01-30,100.0,100.0,10474.22,STRONG_BUY
2018-01-31,100.0,100.0,10492.0,STRONG_BUY
2018-02-01,100.0,100.0,10492.0,STRONG_BUY
2018-02-02,100.0,100.0,10278.96,STRONG_BUY
2018-02-05,100.0,100.0,10237.77,STRONG_BUY
2018-02-06,100.0,100.0,10242.15,STRONG_BUY
2018-02-07,92.64,76.0,10422.05,STRONG_BUY
2018-02-08,89.91,80.48,10457.66,STRONG_BUY
2018-02-09,59.52,19.27,10434.57,STRONG_BUY
2018-02-12,100.0,87.08,10298.73,STRONG_BUY
2018-02-13,100.0,73.87,10324.8,STRONG_BUY
2018-02-14,94.01,45.93,10354.41,STRONG_BUY
2018-02-15,76.65,70.27,10343.65,STRONG_BUY
2018-02-16,-69.19,-99.46,10507.33,STRONG_SELL
2018-02-19,71.43,87.14,10290.61,STRONG_BUY
2018-02-20,100.0,100.0,10232.4,STRONG_BUY
2018-02-21,100.0,100.0,10054.56,STRONG_BUY
2018-02-22,44.2,62.79,10324.65,STRONG_BUY
2018-02-23,-8.74,-18.35,10345.18,NEUTRAL
2018-02-26,5.82,49.61,10288.26,NEUTRAL
2018-02-27,96.19,100.0,10005.89,STRONG_BUY
2018-02-28,67.35,93.7,10114.0,STRONG_BUY
2018-03-01,41.5,47.65,10114.0,STRONG_BUY
2018-03-02,100.0,100.0,9935.14,STRONG_BUY
2018-03-05,100.0,100.0,9923.33,STRONG_BUY
2018-03-06,100.0,100.0,9807.73,STRONG_BUY
2018-03-07,80.58,36.62,10023.02,STRONG_BUY
2018-03-08,-0.39,-22.87,10214.25,NEUTRAL
2018-03-09,-49.1,-100.0,10255.87,STRONG_SELL
2018-03-12,-79.54,-85.8,10460.94,STRONG_SELL
2018-03-13,-100.0,-100.0,10399.56,
2018-03-14,-77.92,-100.0,10403.98,STRONG_SELL
2018-03-15,-100.0,-100.0,10564.52,
2018-03-16,-97.34,-75.28,10559.98,STRONG_SELL
2018-03-19,-100.0,-100.0,10603.69,
2018-03-20,-100.0,-100.0,10724.02,
2018-03-21,-100.0,-100.0,10712.98,
2018-03-22,-100.0,-100.0,10693.02,
2018-03-23,-100.0,-100.0,10894.34,
2018-03-26,-100.0,-100.0,10893.97,
2018-03-27,-100.0,-100.0,10914.18,
2018-03-28,-97.64,-32.47,10847.65,STRONG_SELL
2018-03-29,-74.75,-44.19,10897.18,STRONG_SELL
2018-03-30,10.59,36.06,10739.0,NEUTRAL
2018-04-02,21.93,37.6,10739.0,BUY
2018-04-03,83.39,78.79,10623.96,STRONG_BUY
2018-04-04,12.32,7.66,10734.81,NEUTRAL
2018-04-05,51.97,44.94,10647.2,STRONG_BUY
2018-04-06,-73.9,-100.0,10929.07,STRONG_SELL
2018-04-09,-84.8,-100.0,10997.7,STRONG_SELL
2018-04-10,-95.12,-100.0,11034.46,STRONG_SELL
2018-04-11,-85.88,-100.0,11029.82,STRONG_SELL
2018-04-12,-38.15,-67.75,10989.88,SELL
2018-04-13,-63.47,-59.92,11020.2,STRONG_SELL
2018-04-16,-86.32,-79.76,11146.05,STRONG_SELL
2018-04-17,-75.46,-97.48,11071.99,STRONG_SELL
2018-04-18,-64.93,-75.13,11081.53,STRONG_SELL
2018-04-19,-100.0,-100.0,11238.04,
2018-04-20,-100.0,-100.0,11229.26,
2018-04-23,-100.0,-100.0,11245.18,
2018-04-24,-86.15,-90.67,11168.72,STRONG_SELL
2018-04-25,39.9,100.0,10962.17,BUY
2018-04-26,62.21,80.53,10816.01,STRONG_BUY
2018-04-27,100.0,100.0,10569.39,STRONG_BUY
2018-04-30,84.51,82.58,10736.0,STRONG_BUY
2018-05-01,42.35,62.21,10736.0,STRONG_BUY
2018-05-02,-31.3,-15.24,10943.99,SELL
2018-05-03,59.92,76.83,10872.33,STRONG_BUY
2018-05-04,100.0,100.0,10681.61,STRONG_BUY
2018-05-07,100.0,100.0,10414.05,STRONG_BUY
2018-05-08,100.0,100.0,10459.4,STRONG_BUY
2018-05-09,100.0,100.0,10583.0,STRONG_BUY
2018-05-10,100.0,76.33,10569.26,STRONG_BUY
2018-05-11,100.0,72.06,10535.45,STRONG_BUY
2018-05-14,100.0,100.0,10496.59,STRONG_BUY
2018-05-15,100.0,100.0,10397.87,STRONG_BUY
2018-05-16,100.0,58.11,10428.39,STRONG_BUY
2018-05-17,55.63,64.38,10476.53,STRONG_BUY
2018-05-18,-14.51,-26.71,10630.32,NEUTRAL
2018-05-21,14.79,7.06,10581.48,NEUTRAL
2018-05-22,-59.58,-62.5,10749.84,STRONG_SELL
2018-05-23,-33.69,-34.32,10777.16,SELL
2018-05-24,-36.88,-87.54,10768.11,SELL
2018-05-25,-59.91,-35.08,10778.92,STRONG_SELL
2018-05-28,10.21,60.79,10612.52,NEUTRAL
2018-05-29,23.55,54.91,10641.05,BUY
2018-05-30,1.73,39.8,10679.24,NEUTRAL
2018-05-31,-60.57,-42.04,10714.0,STRONG_SELL
2018-06-01,-28.23,-17.05,10714.0,SELL
2018-06-04,-100.0,-100.0,11098.05,
2018-06-05,-100.0,-100.0,11078.37,
2018-06-06,-95.27,-100.0,11105.76,STRONG_SELL
2018-06-07,-100.0,-100.0,11196.7,
2018-06-08,-64.77,-100.0,11068.18,STRONG_SELL
2018-06-11,-16.09,-12.74,11001.5,NEUTRAL
2018-06-12,93.38,76.87,10665.26,STRONG_BUY
2018-06-13,42.79,25.01,10879.81,STRONG_BUY
2018-06-14,-4.32,-9.83,10928.82,NEUTRAL
2018-06-15,25.61,11.22,10869.0,BUY
2018-06-18,6.98,-47.57,10967.18,NEUTRAL
2018-06-19,-7.51,-52.72,11015.22,NEUTRAL
2018-06-20,-100.0,-100.0,11257.08,
2018-06-21,-100.0,-100.0,11374.97,
2018-06-22,-100.0,-100.0,11538.13,
2018-06-25,-100.0,-100.0,11524.63,
2018-06-26,-100.0,-100.0,11633.39,
2018-06-27,-60.89,-54.1,11424.38,STRONG_SELL
2018-06-28,-26.73,25.21,11418.11,SELL
2018-06-29,-31.4,-16.83,11356.0,SELL
2018-07-02,-43.11,-25.94,11356.0,STRONG_SELL
2018-07-03,33.98,45.2,11202.14,BUY
2018-07-04,6.44,-13.74,11405.36,NEUTRAL
2018-07-05,24.2,42.67,11376.29,BUY
2018-07-06,44.81,-13.25,11332.37,STRONG_BUY
2018-07-09,50.31,41.25,11361.2,STRONG_BUY
2018-07-10,-33.16,-58.43,11479.13,SELL
2018-07-11,-85.5,-75.91,11686.44,STRONG_SELL
2018-07-12,-100.0,-100.0,11714.01,
2018-07-13,-100.0,-100.0,11788.41,
2018-07-16,-100.0,-100.0,11834.1,
2018-07-17,-100.0,-83.84,11870.59,
2018-07-18,18.22,47.94,11617.1,NEUTRAL
2018-07-19,100.0,100.0,11507.79,STRONG_BUY
2018-07-20,61.43,42.51,11489.95,STRONG_BUY
2018-07-23,100.0,100.0,11332.98,STRONG_BUY
2018-07-24,37.76,4.74,11540.99,BUY
2018-07-25,29.66,73.92,11447.78,BUY
2018-07-26,-62.31,-8.74,11695.54,STRONG_SELL
2018-07-27,81.61,100.0,11480.35,STRONG_BUY
2018-07-30,70.84,52.97,11457.44,STRONG_BUY
2018-07-31,-29.45,-46.25,11680.0,SELL
2018-08-01,-15.17,-28.67,11680.0,NEUTRAL
2018-08-02,-72.15,-74.04,11856.85,STRONG_SELL
2018-08-03,-100.0,-100.0,11912.8,
2018-08-06,-56.5,-84.08,11850.4,STRONG_SELL
2018-08-07,-74.25,-88.59,11877.02,STRONG_SELL
2018-08-08,-41.34,-28.57,11793.5,STRONG_SELL
2018-08-09,54.18,84.87,11671.43,STRONG_BUY
2018-08-10,-23.53,-30.21,11751.2,SELL
2018-08-13,56.21,39.73,11628.66,STRONG_BUY
2018-08-14,72.27,47.87,11559.05,STRONG_BUY
2018-08-15,39.3,34.09,11688.98,BUY
2018-08-16,-12.02,-1.43,11719.7,NEUTRAL
2018-08-17,100.0,100.0,11387.15,STRONG_BUY
2018-08-20,39.48,23.01,11594.55,BUY
2018-08-21,98.63,100.0,11488.78,STRONG_BUY
2018-08-22,100.0,99.0,11493.17,STRONG_BUY
2018-08-23,100.0,100.0,11324.25,STRONG_BUY
2018-08-24,100.0,100.0,11096.89,STRONG_BUY
2018-08-27,100.0,100.0,11131.29,STRONG_BUY
2018-08-28,23.42,54.17,11346.33,BUY
2018-08-29,100.0,100.0,10811.25,STRONG_BUY
2018-08-30,46.52,64.14,11161.24,STRONG_BUY
2018-08-31,96.7,100.0,11008.0,STRONG_BUY
2018-09-03,99.62,100.0,11008.0,STRONG_BUY
2018-09-04,93.84,100.0,10999.15,STRONG_BUY
2018-09-05,-14.86,2.18,11158.52,NEUTRAL
2018-09-06,40.78,21.67,11111.49,STRONG_BUY
2018-09-07,39.29,65.33,11113.47,BUY
2018-09-10,100.0,100.0,10725.78,STRONG_BUY
2018-09-11,100.0,100.0,10744.15,STRONG_BUY
2018-09-12,100.0,100.0,10713.29,STRONG_BUY
2018-09-13,64.11,69.66,10758.22,STRONG_BUY
2018-09-14,36.9,5.91,10797.85,BUY
2018-09-17,23.73,-7.37,10797.12,BUY
2018-09-18,20.65,28.05,10830.8,BUY
2018-09-19,88.45,58.82,10679.03,STRONG_BUY
2018-09-20,100.0,100.0,10598.76,STRONG_BUY
2018-09-21,98.78,77.29,10658.46,STRONG_BUY
2018-09-24,1.78,-38.31,10729.11,NEUTRAL
2018-09-25,51.28,72.48,10627.98,STRONG_BUY
2018-09-26,100.0,100.0,10447.27,STRONG_BUY
2018-09-27,22.61,50.74,10639.65,BUY
2018-09-28,100.0,100.0,10386.0,STRONG_BUY
2018-10-01,100.0,93.24,10386.0,STRONG_BUY
2018-10-02,-100.0,-100.0,11176.63,
2018-10-03,-100.0,-100.0,11160.39,
2018-10-04,-86.95,-56.43,11015.45,STRONG_SELL
2018-10-05,-16.93,5.97,10840.63,NEUTRAL
2018-10-08,10.8,18.67,10832.55,NEUTRAL
2018-10-09,18.25,41.57,10816.72,NEUTRAL
2018-10-10,100.0,100.0,10398.36,STRONG_BUY
2018-10-11,100.0,100.0,10384.98,STRONG_BUY
2018-10-12,100.0,100.0,10191.94,STRONG_BUY
2018-10-15,100.0,100.0,10374.42,STRONG_BUY
2018-10-16,81.2,63.25,10482.1,STRONG_BUY
2018-10-17,100.0,54.46,10384.34,STRONG_BUY
2018-10-18,16.31,-42.98,10569.17,NEUTRAL
2018-10-19,-10.62,-4.87,10746.45,NEUTRAL
2018-10-22,10.93,-15.41,10664.31,NEUTRAL
2018-10-23,16.25,-19.07,10677.29,NEUTRAL
2018-10-24,5.03,-13.65,10654.63,NEUTRAL
2018-10-25,100.0,100.0,10355.68,STRONG_BUY
2018-10-26,100.0,100.0,10384.37,STRONG_BUY
2018-10-29,-8.85,-20.88,10587.22,NEUTRAL
2018-10-30,100.0,100.0,9954.5,STRONG_BUY
2018-10-31,-100.0,-100.0,10877.0,
2018-11-01,-100.0,-100.0,10877.0,
2018-11-02,-100.0,-100.0,10971.51,
2018-11-05,-100.0,-72.48,10868.68,
2018-11-06,-92.39,-55.57,10916.31,STRONG_SELL
2018-11-07,-100.0,-100.0,11078.84,
2018-11-08,-92.38,-100.0,10968.06,STRONG_SELL
2018-11-09,-86.2,-94.19,10955.69,STRONG_SELL
2018-11-12,28.44,48.57,10648.43,BUY
2018-11-13,63.81,49.46,10382.02,STRONG_BUY
2018-11-14,100.0,100.0,10395.36,STRONG_BUY
2018-11-15,-0.84,-23.5,10758.25,NEUTRAL
2018-11-16,-8.17,-61.02,10754.53,NEUTRAL
2018-11-19,-21.97,-78.85,10689.77,SELL
2018-11-20,100.0,100.0,10334.52,STRONG_BUY
2018-11-21,91.01,84.98,10460.18,STRONG_BUY
2018-11-22,-51.35,-81.5,10762.99,STRONG_SELL
2018-11-23,-75.44,-99.95,10838.13,STRONG_SELL
2018-11-26,-100.0,-79.81,10783.8,
2018-11-27,-34.87,-21.89,10738.91,SELL
2018-11-28,3.77,28.72,10558.56,NEUTRAL
2018-11-29,-47.52,-18.17,10806.54,STRONG_SELL
2018-11-30,-73.15,-37.17,10863.0,STRONG_SELL
2018-12-03,-100.0,-100.0,10863.0,
2018-12-04,-100.0,-100.0,10888.83,
2018-12-05,-37.19,23.57,10730.77,SELL
2018-12-06,-29.47,2.69,10817.13,SELL
2018-12-07,0.98,33.01,10749.75,NEUTRAL
2018-12-10,-100.0,-100.0,10966.67,
2018-12-11,-100.0,-100.0,11006.91,
2018-12-12,-100.0,-100.0,10974.84,
2018-12-13,-100.0,-100.0,11047.8,
2018-12-14,-39.73,-4.78,10905.42,SELL
2018-12-17,-59.12,-56.62,10881.53,STRONG_SELL
2018-12-18,-74.38,-68.01,10905.83,STRONG_SELL
2018-12-19,-39.03,-40.54,10867.14,SELL
2018-12-20,-5.38,-17.84,10824.07,NEUTRAL
2018-12-21,-16.25,18.91,10880.46,NEUTRAL
2018-12-24,-100.0,-100.0,11057.25,
2018-12-25,-100.0,-86.91,10953.24,
2018-12-26,41.98,100.0,10813.91,STRONG_BUY
2018-12-27,65.89,100.0,10747.76,STRONG_BUY
2018-12-28,84.06,100.0,10687.96,STRONG_BUY
2018-12-31,5.1,26.36,10831.0,NEUTRAL
2019-01-01,-29.52,-23.84,10831.0,SELL
2019-01-02,-15.2,1.43,10833.24,NEUTRAL
2019-01-03,68.86,73.52,10740.65,STRONG_BUY
2019-01-04,92.06,100.0,10681.93,STRONG_BUY
2019-01-07,-61.62,-83.12,10932.55,STRONG_SELL
2019-01-08,-100.0,-100.0,11108.76,
2019-01-09,-100.0,-100.0,11133.75,
2019-01-10,-100.0,-100.0,11282.5,
2019-01-11,-100.0,-100.0,11328.48,
2019-01-14,-96.83,-76.02,11257.11,STRONG_SELL
2019-01-15,-100.0,-100.0,11404.36,
2019-01-16,-100.0,-100.0,11294.12,
2019-01-17,-95.17,-64.75,11370.11,STRONG_SELL
2019-01-18,45.78,75.3,11003.17,STRONG_BUY
2019-01-21,73.59,55.58,11015.88,STRONG_BUY
2019-01-22,82.61,97.83,10982.08,STRONG_BUY
2019-01-23,-16.57,-16.75,11213.0,NEUTRAL
2019-01-24,-49.85,-100.0,11173.88,STRONG_SELL
2019-01-25,35.7,30.92,10989.24,BUY
2019-01-28,52.48,58.76,10971.89,STRONG_BUY
2019-01-29,100.0,100.0,10900.4,STRONG_BUY
2019-01-30,100.0,100.0,10805.68,STRONG_BUY
2019-01-31,100.0,100.0,10793.0,STRONG_BUY
2019-02-01,100.0,97.71,10793.0,STRONG_BUY
2019-02-04,20.92,12.23,10881.89,BUY
2019-02-05,-8.16,-31.09,10947.43,NEUTRAL
2019-02-06,100.0,100.0,10798.22,STRONG_BUY
2019-02-07,94.78,49.54,10829.14,STRONG_BUY
2019-02-08,16.45,-18.16,10920.33,NEUTRAL
2019-02-11,-100.0,-100.0,11291.13,
2019-02-12,-83.37,-100.0,11216.22,STRONG_SELL
2019-02-13,-66.33,-59.43,11302.99,STRONG_SELL
2019-02-14,-11.0,-53.28,11202.11,NEUTRAL
2019-02-15,19.01,-18.25,11216.59,NEUTRAL
2019-02-18,-40.4,-74.54,11290.59,STRONG_SELL
2019-02-19,-43.03,-47.76,11346.74,STRONG_SELL
2019-02-20,-100.0,-100.0,11377.31,
2019-02-21,-64.39,-92.86,11345.69,STRONG_SELL
2019-02-22,-91.09,-94.07,11418.4,STRONG_SELL
2019-02-25,-74.91,-48.41,11393.46,STRONG_SELL
2019-02-26,-70.82,-38.95,11389.52,STRONG_SELL
2019-02-27,-100.0,-82.77,11510.06,
2019-02-28,-100.0,-100.0,11624.0,
2019-03-01,-100.0,-100.0,11624.0,
2019-03-04,-100.0,-100.0,11523.44,
2019-03-05,-100.0,-41.21,11615.48,
2019-03-06,-92.13,-55.3,11613.08,STRONG_SELL
2019-03-07,-89.7,-46.95,11654.7,STRONG_SELL
2019-03-08,-100.0,-92.25,11707.36,
2019-03-11,-100.0,-100.0,11885.51,
2019-03-12,-86.19,-100.0,11737.37,STRONG_SELL
2019-03-13,36.47,12.43,11525.98,BUY
2019-03-14,41.49,42.1,11528.99,STRONG_BUY
2019-03-15,-52.8,-65.18,11635.66,STRONG_SELL
2019-03-18,-61.28,-46.98,11649.2,STRONG_SELL
2019-03-19,-100.0,-97.78,11770.69,
2019-03-20,-96.8,-68.19,11763.74,STRONG_SELL
2019-03-21,26.17,16.61,11569.07,BUY
2019-03-22,-98.97,-66.68,11838.85,STRONG_SELL
2019-03-25,-100.0,-68.59,12002.18,
2019-03-26,-100.0,-96.74,11884.23,
2019-03-27,-87.29,-43.34,11938.53,STRONG_SELL
2019-03-28,-62.41,-49.4,11870.99,STRONG_SELL
2019-03-29,50.72,92.48,11748.0,STRONG_BUY
2019-04-01,49.65,87.63,11748.0,STRONG_BUY
2019-04-02,1.7,-4.18,11807.2,NEUTRAL
2019-04-03,-47.83,-45.63,11906.18,STRONG_SELL
2019-04-04,-37.41,3.18,11843.5,SELL
2019-04-05,100.0,100.0,11689.85,STRONG_BUY
2019-04-08,100.0,86.63,11598.83,STRONG_BUY
2019-04-09,100.0,100.0,11524.88,STRONG_BUY
2019-04-10,100.0,100.0,11373.01,STRONG_BUY
2019-04-11,100.0,96.61,11419.87,STRONG_BUY
2019-04-12,69.79,45.9,11490.88,STRONG_BUY
2019-04-15,100.0,66.66,11412.33,STRONG_BUY
2019-04-16,74.5,28.47,11448.3,STRONG_BUY
2019-04-17,-9.11,9.28,11671.13,NEUTRAL
2019-04-18,-58.57,-47.55,11775.08,STRONG_SELL
2019-04-19,0.02,6.95,11673.45,NEUTRAL
2019-04-22,-5.54,5.15,11690.72,NEUTRAL
2019-04-23,-64.15,-100.0,11821.57,STRONG_SELL
2019-04-24,19.76,15.69,11684.84,NEUTRAL
2019-04-25,-68.87,-65.11,11784.79,STRONG_SELL
2019-04-26,-46.04,0.56,11749.38,STRONG_SELL
2019-04-29,-100.0,-100.0,11825.76,
2019-04-30,-100.0,-100.0,11922.0,
2019-05-01,-100.0,-100.0,11922.0,
2019-05-02,-100.0,-100.0,12046.22,
2019-05-03,-100.0,-90.29,11864.16,
2019-05-06,44.72,37.56,11691.14,STRONG_BUY
2019-05-07,61.13,80.78,11782.39,STRONG_BUY
2019-05-08,84.23,100.0,11734.91,STRONG_BUY
2019-05-09,38.32,27.93,11747.81,BUY
2019-05-10,12.72,-5.12,11795.29,NEUTRAL
2019-05-13,92.15,60.67,11700.97,STRONG_BUY
2019-05-14,81.82,41.92,11719.51,STRONG_BUY
2019-05-15,100.0,100.0,11637.52,STRONG_BUY
2019-05-16,100.0,100.0,11580.44,STRONG_BUY
2019-05-17,100.0,100.0,11533.13,STRONG_BUY
2019-05-20,66.5,64.53,11659.86,STRONG_BUY
2019-05-21,100.0,100.0,11560.72,STRONG_BUY
2019-05-22,48.75,34.14,11764.59,STRONG_BUY
2019-05-23,85.29,61.38,11631.63,STRONG_BUY
2019-05-24,100.0,100.0,11635.15,STRONG_BUY
2019-05-27,100.0,100.0,11490.87,STRONG_BUY
2019-05-28,100.0,92.52,11466.37,STRONG_BUY
2019-05-29,76.63,100.0,11580.79,STRONG_BUY
2019-05-30,58.79,41.17,11485.72,STRONG_BUY
2019-05-31,-78.58,-76.24,11788.0,STRONG_SELL
2019-06-03,-100.0,-92.56,11788.0,
2019-06-04,33.5,56.46,11626.58,BUY
2019-06-05,-32.55,18.03,11734.22,SELL
2019-06-06,-100.0,-100.0,12022.08,
2019-06-07,-55.41,-85.12,11829.08,STRONG_SELL
2019-06-10,-15.3,-16.87,11827.74,NEUTRAL
2019-06-11,100.0,98.03,11608.21,STRONG_BUY
2019-06-12,100.0,100.0,11543.23,STRONG_BUY
2019-06-13,-100.0,-100.0,11887.93,
2019-06-14,-79.78,-97.4,11859.16,STRONG_SELL
2019-06-17,-44.37,-65.88,11750.52,STRONG_SELL
2019-06-18,-25.45,-47.43,11772.41,SELL
2019-06-19,26.09,14.46,11622.97,BUY
2019-06-20,100.0,100.0,11374.9,STRONG_BUY
2019-06-21,100.0,100.0,11285.02,STRONG_BUY
2019-06-24,100.0,100.0,11274.79,STRONG_BUY
2019-06-25,100.0,100.0,11140.01,STRONG_BUY
2019-06-26,100.0,100.0,11048.0,STRONG_BUY
2019-06-27,100.0,100.0,10953.49,STRONG_BUY
2019-06-28,80.65,74.46,11118.0,STRONG_BUY
2019-07-01,72.71,75.87,11118.0,STRONG_BUY
2019-07-02,36.71,17.23,11139.67,BUY
2019-07-03,-36.5,-36.85,11388.0,SELL
2019-07-04,-100.0,-100.0,11460.71,
2019-07-05,-100.0,-100.0,11686.46,
2019-07-08,-100.0,-100.0,11685.59,
2019-07-09,-100.0,-100.0,11657.94,
2019-07-10,-83.94,-97.12,11560.75,STRONG_SELL
2019-07-11,-38.77,1.51,11515.11,SELL
2019-07-12,-7.81,18.64,11421.97,NEUTRAL
2019-07-15,-100.0,-100.0,11735.39,
2019-07-16,-26.75,-17.09,11409.4,SELL
2019-07-17,-25.53,-39.29,11483.55,SELL
2019-07-18,-23.78,-22.99,11472.86,SELL
2019-07-19,80.84,92.15,11338.65,STRONG_BUY
2019-07-22,17.48,40.2,11441.19,NEUTRAL
2019-07-23,-16.96,-59.17,11533.85,NEUTRAL
2019-07-24,13.2,-23.08,11468.07,NEUTRAL
2019-07-25,27.0,47.07,11495.06,BUY
2019-07-26,-100.0,-100.0,12114.86,
2019-07-29,-75.13,-100.0,11650.74,STRONG_SELL
2019-07-30,100.0,100.0,11308.23,STRONG_BUY
2019-07-31,100.0,100.0,10948.0,STRONG_BUY
2019-08-01,100.0,100.0,10948.0,STRONG_BUY
2019-08-02,100.0,100.0,10941.95,STRONG_BUY
2019-08-05,100.0,100.0,10855.5,STRONG_BUY
2019-08-06,100.0,91.9,10876.96,STRONG_BUY
2019-08-07,42.54,-9.35,11029.55,STRONG_BUY
2019-08-08,100.0,100.0,10911.16,STRONG_BUY
2019-08-09,17.9,13.37,11151.35,NEUTRAL
2019-08-12,-69.13,-100.0,11305.23,STRONG_SELL
2019-08-13,10.05,-16.27,11158.99,NEUTRAL
2019-08-14,94.34,74.68,11044.05,STRONG_BUY
2019-08-15,62.58,70.91,11070.85,STRONG_BUY
2019-08-16,-24.19,-61.59,11206.96,SELL
2019-08-19,-7.57,-21.86,11167.9,NEUTRAL
2019-08-20,-100.0,-100.0,11290.81,
2019-08-21,-100.0,-100.0,11408.88,
2019-08-22,-78.93,-41.34,11315.07,STRONG_SELL
2019-08-23,-100.0,-85.91,11455.52,
2019-08-26,-100.0,-100.0,11513.51,
2019-08-27,-65.76,-36.69,11330.56,STRONG_SELL
2019-08-28,-88.96,-93.31,11388.76,STRONG_SELL
2019-08-29,-100.0,-100.0,11601.79,
2019-08-30,-100.0,-81.58,11475.0,
2019-09-02,-76.34,-37.28,11475.0,STRONG_SELL
2019-09-03,-100.0,-100.0,11667.37,
2019-09-04,-77.61,-63.46,11445.19,STRONG_SELL
2019-09-05,-100.0,-81.87,11674.72,
2019-09-06,-100.0,-100.0,11613.26,
2019-09-09,25.56,49.24,11519.66,BUY
2019-09-10,60.07,71.65,11480.0,STRONG_BUY
2019-09-11,67.88,87.17,11505.38,STRONG_BUY
2019-09-12,78.28,42.75,11461.14,STRONG_BUY
2019-09-13,-58.8,-93.79,11600.4,STRONG_SELL
2019-09-16,-100.0,-100.0,11758.06,
2019-09-17,-84.56,-76.35,11745.69,STRONG_SELL
2019-09-18,-100.0,-100.0,11875.92,
2019-09-19,-47.31,-49.43,11766.77,STRONG_SELL
2019-09-20,-100.0,-100.0,11857.68,
2019-09-23,-100.0,-100.0,12062.05,
2019-09-24,-100.0,-100.0,12144.92,
2019-09-25,-77.41,-53.4,11930.0,STRONG_SELL
2019-09-26,-100.0,-74.4,11919.27,
2019-09-27,-75.56,-29.05,11971.15,STRONG_SELL
2019-09-30,-58.61,-11.49,11878.0,STRONG_SELL
2019-10-01,-33.36,17.51,11878.0,SELL
2019-10-02,-100.0,-78.61,12051.62,
2019-10-03,-78.5,-46.78,11941.83,STRONG_SELL
2019-10-04,-67.16,-29.61,11962.75,STRONG_SELL
2019-10-07,-100.0,-100.0,12100.69,
2019-10-08,-100.0,-100.0,12118.31,
2019-10-09,28.86,10.68,11902.51,BUY
2019-10-10,34.7,40.9,11866.57,BUY
2019-10-11,25.87,55.99,11932.43,BUY
2019-10-14,-100.0,-100.0,12259.49,
2019-10-15,-100.0,-100.0,12492.28,
2019-10-16,-100.0,-100.0,12267.92,
2019-10-17,-100.0,-99.33,12468.81,
2019-10-18,-100.0,-100.0,12593.7,
2019-10-21,-100.0,-92.58,12510.32,
2019-10-22,27.56,36.53,12313.38,BUY
2019-10-23,100.0,100.0,11924.8,STRONG_BUY
2019-10-24,41.06,24.65,12247.21,STRONG_BUY
2019-10-25,-20.75,1.99,12323.42,SELL
2019-10-28,-45.71,-41.79,12425.15,STRONG_SELL
2019-10-29,63.46,57.67,12214.22,STRONG_BUY
2019-10-30,-3.45,41.52,12304.03,NEUTRAL
2019-10-31,98.58,100.0,12056.0,STRONG_BUY
2019-11-01,100.0,100.0,12056.0,STRONG_BUY
2019-11-04,32.08,19.47,12262.58,BUY
2019-11-05,-41.61,-62.58,12372.23,STRONG_SELL
2019-11-06,-41.65,-62.3,12422.33,STRONG_SELL
2019-11-07,-23.11,-58.47,12457.92,SELL
2019-11-08,2.64,-32.08,12470.99,NEUTRAL
2019-11-11,35.29,-14.18,12376.52,BUY
2019-11-12,100.0,100.0,12097.36,STRONG_BUY
2019-11-13,100.0,100.0,12228.25,STRONG_BUY
2019-11-14,79.19,92.79,12275.97,STRONG_BUY
2019-11-15,-100.0,-100.0,12721.21,
2019-11-18,-100.0,-100.0,12694.52,
2019-11-19,-100.0,-100.0,12695.7,
2019-11-20,51.87,36.22,12331.79,STRONG_BUY
2019-11-21,-100.0,-95.0,12747.97,
2019-11-22,-72.05,-78.99,12631.25,STRONG_SELL
2019-11-25,-100.0,-100.0,12813.5,
2019-11-26,-78.25,-61.15,12619.2,STRONG_SELL
2019-11-27,33.66,43.53,12416.63,BUY
2019-11-28,100.0,100.0,12114.66,STRONG_BUY
2019-11-29,100.0,100.0,12168.0,STRONG_BUY
2019-12-02,100.0,100.0,12168.0,STRONG_BUY
2019-12-03,100.0,100.0,12000.95,STRONG_BUY
2019-12-04,96.99,81.63,12076.73,STRONG_BUY
2019-12-05,100.0,100.0,12168.99,STRONG_BUY
2019-12-06,40.93,7.03,12375.29,STRONG_BUY
2019-12-09,-4.74,-28.99,12382.86,NEUTRAL
2019-12-10,72.25,22.08,12339.25,STRONG_BUY
2019-12-11,10.21,-31.83,12376.51,NEUTRAL
2019-12-12,100.0,91.23,12205.72,STRONG_BUY
2019-12-13,-1.47,-10.52,12405.18,NEUTRAL
2019-12-16,-32.65,-43.88,12481.31,SELL
2019-12-17,-100.0,-100.0,12603.07,
2019-12-18,-100.0,-100.0,12584.16,
2019-12-19,-0.59,-23.76,12394.55,NEUTRAL
2019-12-20,100.0,100.0,12142.36,STRONG_BUY
2019-12-23,98.71,97.67,12145.12,STRONG_BUY
2019-12-24,100.0,78.85,12095.43,STRONG_BUY
2019-12-25,100.0,100.0,11932.06,STRONG_BUY
2019-12-26,100.0,100.0,11967.97,STRONG_BUY
2019-12-27,88.69,100.0,12036.96,STRONG_BUY
2019-12-30,64.43,24.23,12080.56,STRONG_BUY
2019-12-31,90.35,75.4,11963.0,STRONG_BUY
2020-01-01,100.0,100.0,11963.0,STRONG_BUY
2020-01-02,13.4,20.79,12150.65,NEUTRAL
2020-01-03,100.0,100.0,11723.98,STRONG_BUY
2020-01-06,100.0,93.44,11814.28,STRONG_BUY
2020-01-07,100.0,100.0,11766.59,STRONG_BUY
2020-01-08,100.0,100.0,11652.85,STRONG_BUY
2020-01-09,100.0,100.0,11603.25,STRONG_BUY
2020-01-10,100.0,100.0,11593.56,STRONG_BUY
2020-01-13,55.37,47.51,11863.43,STRONG_BUY
2020-01-14,53.67,21.76,11795.84,STRONG_BUY
2020-01-15,-34.58,-69.42,11951.02,SELL
2020-01-16,-33.7,-72.4,12102.31,SELL
2020-01-17,-82.18,-94.75,12097.03,STRONG_SELL
2020-01-20,44.2,17.23,11897.19,STRONG_BUY
2020-01-21,-31.85,-64.36,12043.22,SELL
2020-01-22,-19.23,-6.78,12070.65,NEUTRAL
2020-01-23,13.54,0.92,11887.97,NEUTRAL
2020-01-24,-4.56,11.77,11997.35,NEUTRAL
2020-01-27,82.42,100.0,11775.94,STRONG_BUY
2020-01-28,87.81,68.8,11736.78,STRONG_BUY
2020-01-29,100.0,100.0,11668.48,STRONG_BUY
2020-01-30,100.0,100.0,11301.17,STRONG_BUY
2020-01-31,100.0,100.0,11202.0,STRONG_BUY
2020-02-03,100.0,100.0,11202.0,STRONG_BUY
2020-02-04,100.0,100.0,10893.69,STRONG_BUY
2020-02-05,100.0,100.0,10619.28,STRONG_BUY
2020-02-06,100.0,100.0,10305.68,STRONG_BUY
2020-02-07,100.0,100.0,10678.68,STRONG_BUY
2020-02-10,100.0,100.0,10221.88,STRONG_BUY
2020-02-11,100.0,100.0,9974.84,STRONG_BUY
2020-02-12,100.0,100.0,9474.41,STRONG_BUY
2020-02-13,100.0,100.0,9531.34,STRONG_BUY
2020-02-14,100.0,100.0,9614.09,STRONG_BUY
2020-02-17,100.0,99.46,9488.26,STRONG_BUY
2020-02-18,100.0,96.59,9214.77,STRONG_BUY
2020-02-19,100.0,100.0,9167.82,STRONG_BUY
2020-02-20,100.0,100.0,9122.08,STRONG_BUY
2020-02-21,100.0,100.0,9035.28,STRONG_BUY
2020-02-24,100.0,54.34,9346.29,STRONG_BUY
2020-02-25,100.0,87.96,9091.44,STRONG_BUY
2020-02-26,100.0,100.0,8919.76,STRONG_BUY
2020-02-27,81.42,68.16,9138.59,STRONG_BUY
2020-02-28,100.0,100.0,8598.0,STRONG_BUY
2020-03-02,100.0,100.0,8598.0,STRONG_BUY
2020-03-03,100.0,100.0,8346.68,STRONG_BUY
2020-03-04,48.43,44.99,8822.11,STRONG_BUY
2020-03-05,-36.47,-52.02,9411.89,SELL
2020-03-06,-61.6,-100.0,9694.74,STRONG_SELL
2020-03-09,-98.2,-100.0,9779.26,STRONG_SELL
2020-03-10,-100.0,-100.0,9910.56,
2020-03-11,-100.0,-100.0,10386.66,
2020-03-12,-100.0,-100.0,10679.5,
2020-03-13,-100.0,-100.0,10622.25,
2020-03-16,-100.0,-100.0,10828.0,
2020-03-17,-100.0,-100.0,10280.93,
2020-03-18,-30.4,20.68,10008.26,SELL
2020-03-19,-100.0,-100.0,11749.19,
2020-03-20,-100.0,-100.0,11159.81,
2020-03-23,-100.0,-100.0,10562.57,
2020-03-24,-100.0,-100.0,10996.76,
2020-03-25,-100.0,-74.87,10992.08,
2020-03-26,-100.0,-100.0,12728.0,
2020-03-27,-75.82,-50.3,11191.31,STRONG_SELL
2020-03-30,83.52,100.0,10208.56,STRONG_BUY
2020-03-31,81.69,81.97,9860.0,STRONG_BUY
2020-04-01,85.96,100.0,9860.0,STRONG_BUY
2020-04-02,100.0,100.0,9102.39,STRONG_BUY
2020-04-03,100.0,91.03,8958.09,STRONG_BUY
2020-04-06,100.0,100.0,9153.93,STRONG_BUY
2020-04-07,100.0,89.97,9097.63,STRONG_BUY
2020-04-08,100.0,100.0,8710.03,STRONG_BUY
2020-04-09,100.0,100.0,8671.36,STRONG_BUY
2020-04-10,100.0,100.0,8357.49,STRONG_BUY
2020-04-13,100.0,91.61,8620.36,STRONG_BUY
2020-04-14,-31.65,-66.76,9319.06,SELL
2020-04-15,-57.34,-74.44,9981.76,STRONG_SELL
2020-04-16,-80.58,-82.04,10083.37,STRONG_SELL
2020-04-17,-100.0,-100.0,10301.42,
2020-04-20,-100.0,-100.0,10282.26,
2020-04-21,-100.0,-95.76,10430.3,
2020-04-22,-100.0,-100.0,10754.15,
2020-04-23,-100.0,-100.0,10784.93,
2020-04-24,-100.0,-100.0,10694.0,
2020-04-27,-80.76,-36.19,10310.05,STRONG_SELL
2020-04-28,-91.82,-61.71,10252.57,STRONG_SELL
2020-04-29,31.9,91.49,9450.32,BUY
2020-04-30,31.92,46.22,9580.0,BUY
2020-05-01,11.02,41.16,9580.0,NEUTRAL
2020-05-04,-24.89,-24.24,9757.42,SELL
2020-05-05,5.66,12.25,9755.93,NEUTRAL
2020-05-06,13.55,8.29,9850.9,NEUTRAL
2020-05-07,51.48,9.05,9875.27,STRONG_BUY
2020-05-08,30.0,5.12,9973.92,BUY
2020-05-11,100.0,71.89,9525.68,STRONG_BUY
2020-05-12,100.0,100.0,9558.75,STRONG_BUY
2020-05-13,-74.01,-91.28,10188.87,STRONG_SELL
2020-05-14,-26.57,-61.48,9979.94,SELL
2020-05-15,3.73,-19.37,9873.57,NEUTRAL
2020-05-18,1.24,-16.17,9991.75,NEUTRAL
2020-05-19,-62.11,-78.89,10165.99,STRONG_SELL
2020-05-20,-97.95,-92.6,10169.65,STRONG_SELL
2020-05-21,-100.0,-100.0,10394.3,
2020-05-22,-100.0,-100.0,10400.02,
2020-05-25,-100.0,-100.0,10574.07,
2020-05-26,-100.0,-84.28,10389.58,
2020-05-27,-79.44,-51.04,10385.08,STRONG_SELL
2020-05-28,-33.63,-0.86,10308.51,SELL
2020-05-29,-50.59,-18.95,10302.0,STRONG_SELL
2020-06-01,-69.32,-34.46,10302.0,STRONG_SELL
2020-06-02,-55.29,-26.8,10361.62,STRONG_SELL
2020-06-03,-73.5,-66.43,10363.09,STRONG_SELL
2020-06-04,-100.0,-98.65,10610.89,
2020-06-05,-100.0,-100.0,10645.41,
2020-06-08,-63.84,-78.71,10479.87,STRONG_SELL
2020-06-09,-100.0,-100.0,10638.98,
2020-06-10,-87.47,-74.31,10651.56,STRONG_SELL
2020-06-11,25.29,18.54,10391.68,BUY
2020-06-12,23.8,31.67,10405.7,BUY
2020-06-15,-72.72,-100.0,10594.03,STRONG_SELL
2020-06-16,-69.79,-66.89,10705.84,STRONG_SELL
2020-06-17,-93.42,-100.0,10674.48,STRONG_SELL
2020-06-18,-64.34,-90.73,10745.97,STRONG_SELL
2020-06-19,-100.0,-100.0,10906.94,
2020-06-22,-100.0,-100.0,11013.51,
2020-06-23,-100.0,-100.0,11121.61,
2020-06-24,-97.69,-78.61,11076.58,STRONG_SELL
2020-06-25,-70.31,-53.44,11007.17,STRONG_SELL
2020-06-26,-57.84,-60.66,10905.21,STRONG_SELL
2020-06-29,-84.7,-56.05,11014.11,STRONG_SELL
2020-06-30,-69.06,-30.41,11073.0,STRONG_SELL
2020-07-01,-73.02,-48.03,11073.0,STRONG_SELL
2020-07-02,-100.0,-100.0,11114.2,
2020-07-03,21.88,27.23,10837.48,BUY
2020-07-06,61.06,50.33,10892.03,STRONG_BUY
2020-07-07,-61.03,-73.17,11157.42,STRONG_SELL
2020-07-08,-100.0,-100.0,11253.89,
2020-07-09,-100.0,-100.0,11583.88,
2020-07-10,-100.0,-84.69,11542.52,
2020-07-13,-74.65,-100.0,11547.95,STRONG_SELL
2020-07-14,-100.0,-100.0,11617.0,
2020-07-15,-100.0,-100.0,11622.6,
2020-07-16,-100.0,-100.0,11831.85,
2020-07-17,-100.0,-80.88,11816.01,
2020-07-20,-86.38,-40.17,11696.67,STRONG_SELL
2020-07-21,-100.0,-94.71,11948.2,
2020-07-22,-41.55,-39.32,11741.46,STRONG_SELL
2020-07-23,89.82,100.0,11513.75,STRONG_BUY
2020-07-24,36.15,12.11,11519.6,BUY
2020-07-27,100.0,100.0,11239.2,STRONG_BUY
2020-07-28,35.89,40.21,11458.96,BUY
2020-07-29,17.42,32.99,11508.3,NEUTRAL
2020-07-30,31.85,11.99,11462.44,BUY
2020-07-31,97.4,100.0,11387.0,STRONG_BUY
2020-08-03,100.0,100.0,11387.0,STRONG_BUY
2020-08-04,100.0,100.0,11230.84,STRONG_BUY
2020-08-05,79.92,70.69,11275.92,STRONG_BUY
2020-08-06,100.0,100.0,11080.8,STRONG_BUY
2020-08-07,100.0,100.0,10989.94,STRONG_BUY
2020-08-10,100.0,100.0,11029.42,STRONG_BUY
2020-08-11,100.0,100.0,10972.41,STRONG_BUY
2020-08-12,100.0,89.09,10909.44,STRONG_BUY
2020-08-13,100.0,100.0,10923.06,STRONG_BUY
2020-08-14,46.59,-1.0,11142.76,STRONG_BUY
2020-08-17,60.58,14.28,11134.31,STRONG_BUY
2020-08-18,85.13,62.59,10970.82,STRONG_BUY
2020-08-19,100.0,100.0,10913.75,STRONG_BUY
2020-08-20,-33.4,-24.55,11256.17,SELL
2020-08-21,-79.08,-71.29,11531.99,STRONG_SELL
2020-08-24,-100.0,-100.0,11525.17,
2020-08-25,-15.77,31.6,11357.81,NEUTRAL
2020-08-26,13.23,36.17,11226.43,NEUTRAL
2020-08-27,43.13,92.36,11141.88,STRONG_BUY
2020-08-28,20.51,20.47,11220.17,BUY
2020-08-31,-11.52,0.66,11248.0,NEUTRAL
2020-09-01,-12.92,1.18,11248.0,NEUTRAL
2020-09-02,-58.59,-72.25,11340.61,STRONG_SELL
2020-09-03,-78.71,-44.02,11446.28,STRONG_SELL
2020-09-04,33.05,10.51,11153.28,BUY
2020-09-07,100.0,100.0,10932.61,STRONG_BUY
2020-09-08,100.0,100.0,10725.23,STRONG_BUY
2020-09-09,99.72,68.75,10883.47,STRONG_BUY
2020-09-10,59.86,22.44,10929.66,STRONG_BUY
2020-09-11,13.76,-29.09,11001.44,NEUTRAL
2020-09-14,100.0,100.0,10509.21,STRONG_BUY
2020-09-15,100.0,100.0,10430.69,STRONG_BUY
2020-09-16,88.17,63.67,10569.92,STRONG_BUY
2020-09-17,100.0,100.0,10515.58,STRONG_BUY
2020-09-18,55.2,18.08,10569.22,STRONG_BUY
2020-09-21,59.16,63.32,10582.42,STRONG_BUY
2020-09-22,10.67,-25.64,10790.44,NEUTRAL
2020-09-23,-91.68,-100.0,11120.25,STRONG_SELL
2020-09-24,-100.0,-100.0,11383.2,
2020-09-25,-100.0,-100.0,11499.6,
2020-09-28,-100.0,-100.0,11255.36,
2020-09-29,-100.0,-100.0,11392.96,
2020-09-30,-100.0,-100.0,11642.0,
2020-10-01,-100.0,-90.48,11642.0,
2020-10-02,-100.0,-100.0,11746.96,
2020-10-05,-100.0,-100.0,11764.17,
2020-10-06,-100.0,-100.0,11743.63,
2020-10-07,-100.0,-100.0,11833.44,
2020-10-08,-100.0,-77.6,11943.42,
2020-10-09,-94.06,-74.26,11988.23,STRONG_SELL
2020-10-12,-88.41,-75.83,11930.24,STRONG_SELL
2020-10-13,-100.0,-94.52,12464.28,
2020-10-14,-100.0,-100.0,12754.64,
2020-10-15,-100.0,-100.0,12728.0,
2020-10-16,-100.0,-100.0,12787.89,
2020-10-19,-46.41,-67.53,12407.73,STRONG_SELL
2020-10-20,-47.49,-40.75,12449.13,STRONG_SELL
2020-10-21,-100.0,-100.0,12672.72,
2020-10-22,-100.0,-100.0,12670.66,
2020-10-23,-100.0,-97.43,12750.86,
2020-10-26,-100.0,-100.0,12936.9,
2020-10-27,-41.74,-9.03,12511.01,STRONG_SELL
2020-10-28,-10.63,40.9,12501.27,NEUTRAL
2020-10-29,-9.28,25.86,12567.41,NEUTRAL
2020-10-30,-100.0,-64.0,12968.0,
2020-11-02,-85.47,-69.83,12968.0,STRONG_SELL
2020-11-03,-21.46,-21.44,12710.98,SELL
2020-11-04,10.82,15.56,12680.45,NEUTRAL
2020-11-05,14.19,56.43,12699.99,NEUTRAL
2020-11-06,30.66,41.23,12679.93,BUY
2020-11-09,32.21,-5.73,12680.08,BUY
2020-11-10,-19.33,6.6,12764.41,NEUTRAL
2020-11-11,-60.81,-85.34,12969.49,STRONG_SELL
2020-11-12,-84.58,-100.0,13053.95,STRONG_SELL
2020-11-13,-100.0,-100.0,13156.49,
2020-11-16,-76.16,-61.88,13163.76,STRONG_SELL
2020-11-17,-56.9,-24.0,13133.08,STRONG_SELL
2020-11-18,-25.15,-19.27,13034.72,SELL
2020-11-19,-95.95,-100.0,13283.06,STRONG_SELL
2020-11-20,-85.22,-62.89,13370.63,STRONG_SELL
2020-11-23,-100.0,-100.0,13976.95,
2020-11-24,-100.0,-100.0,13895.19,
2020-11-25,-100.0,-100.0,13644.24,
2020-11-26,-100.0,-93.65,13692.85,
2020-11-27,-100.0,-51.39,13698.18,
2020-11-30,-100.0,-100.0,13982.0,
2020-12-01,-100.0,-100.0,13982.0,
2020-12-02,-100.0,-57.07,13916.37,
2020-12-03,24.5,53.64,13366.74,BUY
2020-12-04,82.78,100.0,13219.99,STRONG_BUY
2020-12-07,19.69,-11.83,13593.58,NEUTRAL
2020-12-08,30.62,16.04,13498.79,BUY
2020-12-09,54.4,34.87,13462.31,STRONG_BUY
2020-12-10,79.92,76.83,13402.11,STRONG_BUY
2020-12-11,74.4,70.22,13351.92,STRONG_BUY
2020-12-14,20.99,-3.19,13504.69,BUY
2020-12-15,100.0,100.0,12732.03,STRONG_BUY
2020-12-16,100.0,98.35,12722.86,STRONG_BUY
2020-12-17,100.0,100.0,12632.07,STRONG_BUY
2020-12-18,93.46,97.04,12854.76,STRONG_BUY
2020-12-21,72.62,31.76,13064.05,STRONG_BUY
2020-12-22,-6.4,-56.65,13181.29,NEUTRAL
2020-12-23,42.09,31.91,13011.8,STRONG_BUY
2020-12-24,-14.5,-13.56,13286.95,NEUTRAL
2020-12-25,-45.58,10.83,13380.4,STRONG_SELL
2020-12-28,-48.51,-22.37,13393.52,STRONG_SELL
2020-12-29,-90.71,-58.83,13611.51,STRONG_SELL
2020-12-30,-71.77,-60.38,13663.79,STRONG_SELL
2020-12-31,-78.18,-84.85,13635.0,STRONG_SELL
2021-01-01,-27.36,-4.49,13635.0,SELL
2021-01-04,-100.0,-100.0,14151.29,
2021-01-05,-17.75,32.77,13713.12,NEUTRAL
2021-01-06,-20.62,-22.71,13786.46,SELL
2021-01-07,-2.61,4.95,13943.4,NEUTRAL
2021-01-08,-28.93,-39.92,13985.06,SELL
2021-01-11,-17.61,-15.12,14105.74,NEUTRAL
2021-01-12,-42.89,-58.35,14288.53,STRONG_SELL
2021-01-13,-76.44,-100.0,14535.09,STRONG_SELL
2021-01-14,-60.1,-52.46,14700.96,STRONG_SELL
2021-01-15,-100.0,-100.0,15212.81,
2021-01-18,-74.99,-82.92,15196.29,STRONG_SELL
2021-01-19,-87.08,-94.16,15265.69,STRONG_SELL
2021-01-20,-53.24,-70.32,15143.76,STRONG_SELL
2021-01-21,-9.53,-46.89,15006.78,NEUTRAL
2021-01-22,-59.32,-84.68,15236.3,STRONG_SELL
2021-01-25,-16.67,-3.27,15011.15,NEUTRAL
2021-01-26,61.33,100.0,14676.32,STRONG_BUY
2021-01-27,87.33,100.0,14654.26,STRONG_BUY
2021-01-28,9.6,11.25,14846.59,NEUTRAL
2021-01-29,90.53,100.0,14529.0,STRONG_BUY
2021-02-01,100.0,100.0,14529.0,STRONG_BUY
2021-02-02,100.0,100.0,14091.79,STRONG_BUY
2021-02-03,100.0,100.0,14046.25,STRONG_BUY
2021-02-04,100.0,100.0,14012.32,STRONG_BUY
2021-02-05,90.38,100.0,14198.92,STRONG_BUY
2021-02-08,100.0,100.0,14002.64,STRONG_BUY
2021-02-09,100.0,92.66,14045.58,STRONG_BUY
2021-02-10,100.0,100.0,13918.97,STRONG_BUY
2021-02-11,100.0,100.0,13987.03,STRONG_BUY
2021-02-12,52.75,63.84,14173.93,STRONG_BUY
2021-02-15,53.36,29.78,14115.73,STRONG_BUY
2021-02-16,81.57,68.67,14059.95,STRONG_BUY
2021-02-17,100.0,100.0,14034.77,STRONG_BUY
2021-02-18,34.23,24.62,14245.99,BUY
2021-02-19,-75.47,-79.41,14697.91,STRONG_SELL
2021-02-22,-100.0,-100.0,15129.48,
2021-02-23,-100.0,-100.0,14895.34,
2021-02-24,-36.41,-9.02,14722.48,SELL
2021-02-25,29.06,64.37,14344.48,BUY
2021-02-26,-27.03,3.55,14691.0,SELL
2021-03-01,-13.43,40.84,14691.0,NEUTRAL
2021-03-02,-100.0,-100.0,15104.74,
2021-03-03,-100.0,-65.62,15198.57,
2021-03-04,-100.0,-90.91,15147.69,
2021-03-05,-34.36,-38.13,15112.29,SELL
2021-03-08,-21.7,-21.68,15175.8,SELL
2021-03-09,32.89,32.06,14993.53,BUY
2021-03-10,-40.95,-11.93,15185.05,STRONG_SELL
2021-03-11,89.89,85.79,14773.68,STRONG_BUY
2021-03-12,100.0,100.0,14656.35,STRONG_BUY
2021-03-15,100.0,100.0,14539.21,STRONG_BUY
2021-03-16,100.0,70.85,14711.77,STRONG_BUY
2021-03-17,88.16,56.25,14774.92,STRONG_BUY
2021-03-18,37.12,3.91,14907.72,BUY
2021-03-19,97.49,100.0,14766.42,STRONG_BUY
2021-03-22,100.0,100.0,14557.28,STRONG_BUY
2021-03-23,100.0,100.0,14466.21,STRONG_BUY
2021-03-24,100.0,100.0,14500.55,STRONG_BUY
2021-03-25,80.22,77.14,14517.13,STRONG_BUY
2021-03-26,-12.42,-19.22,14857.13,NEUTRAL
2021-03-29,9.08,48.62,14717.34,NEUTRAL
2021-03-30,100.0,100.0,14564.06,STRONG_BUY
2021-03-31,74.1,76.62,14631.0,STRONG_BUY
2021-04-01,69.53,80.87,14631.0,STRONG_BUY
2021-04-02,57.41,90.25,14712.24,STRONG_BUY
2021-04-05,-4.32,33.13,14878.59,NEUTRAL
2021-04-06,-100.0,-100.0,15190.17,
2021-04-07,-21.55,-18.54,15054.55,SELL
2021-04-08,47.89,45.45,15011.1,STRONG_BUY
2021-04-09,34.8,28.01,14954.65,BUY
2021-04-12,100.0,100.0,14579.26,STRONG_BUY
2021-04-13,100.0,100.0,14416.53,STRONG_BUY
2021-04-14,100.0,100.0,14491.89,STRONG_BUY
2021-04-15,100.0,100.0,14512.69,STRONG_BUY
2021-04-16,86.16,68.8,14566.26,STRONG_BUY
2021-04-19,92.69,83.89,14614.59,STRONG_BUY
2021-04-20,58.67,37.95,14679.71,STRONG_BUY
2021-04-21,5.58,-5.01,14941.14,NEUTRAL
2021-04-22,-47.68,-51.05,15258.46,STRONG_SELL
2021-04-23,-7.37,-53.57,15264.97,NEUTRAL
2021-04-26,33.13,56.72,15100.88,BUY
2021-04-27,-5.14,24.92,15242.71,NEUTRAL
2021-04-28,-100.0,-100.0,15462.63,
2021-04-29,-96.99,-93.58,15624.86,STRONG_SELL
2021-04-30,-95.08,-43.88,15582.0,STRONG_SELL
2021-05-03,-88.89,-91.93,15582.0,STRONG_SELL
2021-05-04,-100.0,-100.0,15857.44,
2021-05-05,-25.08,31.87,15612.49,SELL
2021-05-06,84.01,100.0,15443.03,STRONG_BUY
2021-05-07,-28.65,-18.91,15717.27,SELL
2021-05-10,-98.09,-72.87,16032.09,STRONG_SELL
2021-05-11,-98.1,-86.08,16196.12,STRONG_SELL
2021-05-12,-35.25,-22.69,16099.13,SELL
2021-05-13,-93.75,-100.0,16315.0,STRONG_SELL
2021-05-14,-60.42,-75.57,16307.19,STRONG_SELL
2021-05-17,-9.9,17.9,16248.8,NEUTRAL
2021-05-18,-61.91,-49.92,16508.06,STRONG_SELL
2021-05-19,-66.47,-63.46,16429.68,STRONG_SELL
2021-05-20,-31.61,-0.3,16510.81,SELL
2021-05-21,40.56,53.12,16321.93,STRONG_BUY
2021-05-24,39.43,56.13,16370.71,BUY
2021-05-25,5.06,33.79,16348.26,NEUTRAL
2021-05-26,-2.63,2.16,16316.09,NEUTRAL
2021-05-27,65.76,96.49,16193.78,STRONG_BUY
2021-05-28,100.0,100.0,15807.37,STRONG_BUY
2021-05-31,100.0,100.0,15722.0,STRONG_BUY
2021-06-01,100.0,100.0,15722.0,STRONG_BUY
2021-06-02,100.0,100.0,15766.39,STRONG_BUY
2021-06-03,96.54,90.67,15953.89,STRONG_BUY
2021-06-04,100.0,69.03,15910.11,STRONG_BUY
2021-06-07,100.0,100.0,15869.7,STRONG_BUY
2021-06-08,3.13,-23.68,16444.15,NEUTRAL
2021-06-09,-24.76,-80.62,16523.4,SELL
2021-06-10,-51.08,-87.73,16698.33,STRONG_SELL
2021-06-11,29.75,26.7,16518.69,BUY
2021-06-14,44.88,10.89,16414.48,STRONG_BUY
2021-06-15,48.78,34.6,16426.04,STRONG_BUY
2021-06-16,22.18,12.87,16351.97,BUY
2021-06-17,100.0,100.0,15848.26,STRONG_BUY
2021-06-18,68.52,91.4,16045.08,STRONG_BUY
2021-06-21,35.32,46.5,16199.87,BUY
2021-06-22,-1.31,-13.64,16337.71,NEUTRAL
2021-06-23,5.24,-8.18,16621.38,NEUTRAL
2021-06-24,50.12,12.57,16320.27,STRONG_BUY
2021-06-25,100.0,100.0,15943.83,STRONG_BUY
2021-06-28,100.0,100.0,15702.04,STRONG_BUY
2021-06-29,100.0,100.0,15397.93,STRONG_BUY
2021-06-30,100.0,75.9,15763.0,STRONG_BUY
2021-07-01,76.96,70.44,15763.0,STRONG_BUY
2021-07-02,100.0,100.0,15672.0,STRONG_BUY
2021-07-05,100.0,100.0,15620.56,STRONG_BUY
2021-07-06,47.05,7.96,15971.34,STRONG_BUY
2021-07-07,35.24,0.82,16108.0,BUY
2021-07-08,100.0,100.0,15531.87,STRONG_BUY
2021-07-09,100.0,100.0,15132.8,STRONG_BUY
2021-07-12,100.0,100.0,15234.26,STRONG_BUY
2021-07-13,100.0,100.0,15262.06,STRONG_BUY
2021-07-14,100.0,89.4,15281.35,STRONG_BUY
2021-07-15,65.56,52.93,15322.82,STRONG_BUY
2021-07-16,1.36,-12.1,15832.27,NEUTRAL
2021-07-19,-3.41,-22.69,15869.1,NEUTRAL
2021-07-20,-100.0,-100.0,16884.63,
2021-07-21,-89.23,-100.0,16996.77,STRONG_SELL
2021-07-22,-100.0,-100.0,17073.57,
2021-07-23,-100.0,-100.0,16934.36,
2021-07-26,-94.28,-90.4,16826.28,STRONG_SELL
2021-07-27,-100.0,-100.0,17078.56,
2021-07-28,-100.0,-100.0,17164.7,
2021-07-29,-79.33,-21.93,16908.86,STRONG_SELL
2021-07-30,-21.97,11.49,16705.0,SELL
2021-08-02,-14.67,6.7,16705.0,NEUTRAL
2021-08-03,12.1,54.94,16672.05,NEUTRAL
2021-08-04,-2.73,34.74,16728.02,NEUTRAL
2021-08-05,91.16,100.0,16332.57,STRONG_BUY
2021-08-06,100.0,92.18,16194.94,STRONG_BUY
2021-08-09,100.0,100.0,16111.61,STRONG_BUY
2021-08-10,100.0,100.0,16019.74,STRONG_BUY
2021-08-11,100.0,97.51,16339.31,STRONG_BUY
2021-08-12,41.21,10.63,16393.53,STRONG_BUY
2021-08-13,9.56,-13.32,16499.45,NEUTRAL
2021-08-16,72.88,79.77,16256.18,STRONG_BUY
2021-08-17,-0.36,19.02,16640.87,NEUTRAL
2021-08-18,-65.12,-68.49,16887.28,STRONG_SELL
2021-08-19,-100.0,-100.0,17230.61,
2021-08-20,-100.0,-100.0,17558.31,
2021-08-23,-100.0,-100.0,17752.09,
2021-08-24,-100.0,-100.0,17823.51,
2021-08-25,-100.0,-100.0,17680.63,
2021-08-26,-66.33,-27.78,17509.27,STRONG_SELL
2021-08-27,-64.51,-2.31,17539.95,STRONG_SELL
2021-08-30,-100.0,-55.58,17653.55,
2021-08-31,-100.0,-82.6,17618.0,
2021-09-01,-30.53,20.29,17618.0,SELL
2021-09-02,-16.27,40.34,17635.18,NEUTRAL
2021-09-03,7.11,34.49,17564.24,NEUTRAL
2021-09-06,91.7,99.51,17573.28,STRONG_BUY
2021-09-07,53.5,10.2,17569.04,STRONG_BUY
2021-09-08,100.0,79.57,17330.18,STRONG_BUY
2021-09-09,100.0,100.0,17273.79,STRONG_BUY
2021-09-10,45.45,33.95,17676.9,STRONG_BUY
2021-09-13,20.16,-8.06,17694.04,BUY
2021-09-14,100.0,100.0,16865.37,STRONG_BUY
2021-09-15,100.0,100.0,16728.52,STRONG_BUY
2021-09-16,100.0,100.0,16906.18,STRONG_BUY
2021-09-17,100.0,54.51,17013.07,STRONG_BUY
2021-09-20,100.0,100.0,16837.0,STRONG_BUY
2021-09-21,100.0,100.0,16619.26,STRONG_BUY
2021-09-22,100.0,100.0,16928.36,STRONG_BUY
2021-09-23,100.0,78.98,16976.96,STRONG_BUY
2021-09-24,24.27,-50.55,17222.93,BUY
2021-09-27,-59.78,-73.7,17553.87,STRONG_SELL
2021-09-28,-46.3,-37.93,17445.49,STRONG_SELL
2021-09-29,-100.0,-100.0,18004.25,
2021-09-30,-100.0,-89.75,18115.0,
2021-10-01,-100.0,-100.0,18115.0,
2021-10-04,-100.0,-100.0,18482.72,
2021-10-05,-100.0,-77.02,18124.25,
2021-10-06,-95.2,-100.0,18219.02,STRONG_SELL
2021-10-07,33.55,19.75,17919.38,BUY
2021-10-08,-4.47,-8.07,17932.9,NEUTRAL
2021-10-11,72.1,92.1,17760.82,STRONG_BUY
2021-10-12,100.0,100.0,17687.94,STRONG_BUY
2021-10-13,94.67,55.52,17567.11,STRONG_BUY
2021-10-14,100.0,100.0,17419.96,STRONG_BUY
2021-10-15,100.0,91.15,17435.57,STRONG_BUY
2021-10-18,100.0,100.0,16949.56,STRONG_BUY
2021-10-19,100.0,100.0,16851.21,STRONG_BUY
2021-10-20,100.0,100.0,16580.0,STRONG_BUY
2021-10-21,100.0,100.0,16714.58,STRONG_BUY
2021-10-22,90.89,83.61,17118.74,STRONG_BUY
2021-10-25,21.3,22.14,17216.94,BUY
2021-10-26,59.08,69.13,17260.01,STRONG_BUY
2021-10-27,66.14,60.59,16837.26,STRONG_BUY
2021-10-28,100.0,100.0,16693.45,STRONG_BUY
2021-10-29,77.02,71.55,16983.0,STRONG_BUY
2021-11-01,17.48,31.11,16983.0,NEUTRAL
2021-11-02,11.04,35.32,16981.51,NEUTRAL
2021-11-03,-33.89,-35.07,17076.53,SELL
2021-11-04,55.56,77.8,16798.76,STRONG_BUY
2021-11-05,34.26,31.9,16906.15,BUY
2021-11-08,3.41,3.73,17214.07,NEUTRAL
2021-11-09,-94.25,-100.0,17417.15,STRONG_SELL
2021-11-10,-98.71,-100.0,17480.8,STRONG_SELL
2021-11-11,-86.15,-85.75,17521.36,STRONG_SELL
2021-11-12,-8.95,-38.38,17297.25,NEUTRAL
2021-11-15,-27.04,-10.46,17403.74,SELL
2021-11-16,-37.74,-51.6,17340.88,SELL
2021-11-17,-10.99,-1.53,17356.56,NEUTRAL
2021-11-18,-100.0,-100.0,17943.02,
2021-11-19,-100.0,-100.0,18398.39,
2021-11-22,-100.0,-100.0,18495.42,
2021-11-23,-96.5,-96.26,18252.74,STRONG_SELL
2021-11-24,-71.35,-70.76,18146.35,STRONG_SELL
2021-11-25,-89.28,-35.83,18216.68,STRONG_SELL
2021-11-26,-100.0,-100.0,18470.91,
2021-11-29,-8.74,14.87,18091.57,NEUTRAL
2021-11-30,97.63,100.0,17354.0,STRONG_BUY
2021-12-01,87.47,100.0,17354.0,STRONG_BUY
2021-12-02,100.0,100.0,17350.16,STRONG_BUY
2021-12-03,75.28,52.49,17451.06,STRONG_BUY
2021-12-06,100.0,84.94,17266.71,STRONG_BUY
2021-12-07,100.0,100.0,16734.77,STRONG_BUY
2021-12-08,100.0,100.0,16581.71,STRONG_BUY
2021-12-09,100.0,100.0,16470.08,STRONG_BUY
2021-12-10,100.0,100.0,16507.75,STRONG_BUY
2021-12-13,100.0,82.81,16688.71,STRONG_BUY
2021-12-14,100.0,80.78,16381.71,STRONG_BUY
2021-12-15,68.41,-10.19,16856.72,STRONG_BUY
2021-12-16,67.84,51.56,16735.86,STRONG_BUY
2021-12-17,100.0,100.0,16593.41,STRONG_BUY
2021-12-20,-46.36,-81.23,17059.29,STRONG_SELL
2021-12-21,-46.21,-71.62,16865.74,STRONG_SELL
2021-12-22,-74.84,-64.02,17098.58,STRONG_SELL
2021-12-23,-45.68,-34.03,17159.25,STRONG_SELL
2021-12-24,-98.8,-100.0,17427.18,STRONG_SELL
2021-12-27,-100.0,-100.0,17510.41,
2021-12-28,-100.0,-100.0,17682.61,
2021-12-29,-71.35,-46.67,17363.6,STRONG_SELL
2021-12-30,-74.64,-69.6,17464.64,STRONG_SELL
2021-12-31,-58.41,-33.97,17340.0,STRONG_SELL
2022-01-03,-61.07,-30.8,17340.0,STRONG_SELL
2022-01-04,-100.0,-71.55,17674.3,
2022-01-05,-100.0,-94.51,17765.13,
2022-01-06,-81.8,-100.0,17743.88,STRONG_SELL
2022-01-07,-98.84,-100.0,17778.27,STRONG_SELL
2022-01-10,-4.96,5.53,17649.5,NEUTRAL
2022-01-11,-8.04,-35.86,17628.31,NEUTRAL
2022-01-12,-53.76,-85.84,17682.54,STRONG_SELL
2022-01-13,-26.16,-32.24,17750.15,SELL
2022-01-14,-50.76,-93.37,17744.36,STRONG_SELL
2022-01-17,-72.01,-89.7,17932.21,STRONG_SELL
2022-01-18,-88.4,-100.0,17907.11,STRONG_SELL
2022-01-19,92.97,82.08,17486.78,STRONG_BUY
2022-01-20,100.0,100.0,17261.08,STRONG_BUY
2022-01-21,100.0,100.0,17086.96,STRONG_BUY
2022-01-24,100.0,100.0,16905.99,STRONG_BUY
2022-01-25,93.62,80.9,16876.26,STRONG_BUY
2022-01-26,100.0,100.0,16494.61,STRONG_BUY
2022-01-27,100.0,100.0,16663.04,STRONG_BUY
2022-01-28,100.0,100.0,16373.18,STRONG_BUY
2022-01-31,54.38,93.68,16793.0,STRONG_BUY
2022-02-01,69.71,79.72,16793.0,STRONG_BUY
2022-02-02,12.97,22.69,16942.05,NEUTRAL
2022-02-03,25.84,29.95,16934.42,BUY
2022-02-04,31.33,26.46,16749.0,BUY
2022-02-07,81.49,92.21,16767.87,STRONG_BUY
2022-02-08,39.55,48.94,16734.46,BUY
2022-02-09,85.74,100.0,16670.58,STRONG_BUY
2022-02-10,76.8,78.33,16649.62,STRONG_BUY
2022-02-11,30.19,22.62,16670.28,BUY
2022-02-14,100.0,67.29,16375.33,STRONG_BUY
2022-02-15,100.0,100.0,16390.29,STRONG_BUY
2022-02-16,60.73,37.58,16466.68,STRONG_BUY
2022-02-17,97.23,70.64,16194.13,STRONG_BUY
2022-02-18,74.27,51.63,16315.97,STRONG_BUY
2022-02-21,-26.38,-75.41,16554.53,SELL
2022-02-22,-85.76,-93.96,16814.0,STRONG_SELL
2022-02-23,-11.16,-19.11,16612.34,NEUTRAL
2022-02-24,17.98,17.76,16544.33,NEUTRAL
2022-02-25,-100.0,-100.0,16899.48,
2022-02-28,-100.0,-100.0,17465.0,
2022-03-01,-100.0,-100.0,17465.0,
2022-03-02,-100.0,-100.0,17407.68,
2022-03-03,-90.79,-81.57,17232.11,STRONG_SELL
2022-03-04,-81.62,-68.84,17162.91,STRONG_SELL
2022-03-07,-49.11,-49.52,17093.23,STRONG_SELL
2022-03-08,-100.0,-100.0,17390.47,
2022-03-09,-100.0,-72.52,17382.74,
2022-03-10,-98.27,-91.52,17435.64,STRONG_SELL
2022-03-11,-56.84,-86.15,17241.2,STRONG_SELL
2022-03-14,-21.56,-10.8,17315.85,SELL
2022-03-15,-8.36,-35.26,17254.14,NEUTRAL
2022-03-16,100.0,88.19,16734.26,STRONG_BUY
2022-03-17,100.0,100.0,16688.56,STRONG_BUY
2022-03-18,100.0,100.0,16585.53,STRONG_BUY
2022-03-21,100.0,64.34,16642.35,STRONG_BUY
2022-03-22,84.8,54.57,16810.38,STRONG_BUY
2022-03-23,53.66,18.06,16911.35,STRONG_BUY
2022-03-24,-46.19,-95.75,17143.92,STRONG_SELL
2022-03-25,-76.45,-42.77,17145.96,STRONG_SELL
2022-03-28,57.73,69.68,16758.27,STRONG_BUY
2022-03-29,-42.99,-5.87,17142.35,STRONG_SELL
2022-03-30,-55.85,-41.19,17111.87,STRONG_SELL
2022-03-31,-39.0,-43.44,17103.0,SELL
2022-04-01,-15.85,31.94,17103.0,NEUTRAL
2022-04-04,-38.62,-14.16,17136.98,SELL
2022-04-05,-100.0,-98.84,17174.98,
2022-04-06,70.95,100.0,16869.42,STRONG_BUY
2022-04-07,43.91,49.13,16838.14,STRONG_BUY
2022-04-08,33.9,77.67,16993.71,BUY
2022-04-11,-8.41,-20.93,17006.95,NEUTRAL
2022-04-12,55.44,51.73,16927.96,STRONG_BUY
2022-04-13,-1.33,-38.28,16991.61,NEUTRAL
2022-04-14,-75.93,-64.83,17373.93,STRONG_SELL
2022-04-15,-97.62,-95.2,17442.34,STRONG_SELL
2022-04-18,-98.91,-100.0,17372.51,STRONG_SELL
2022-04-19,-69.84,-88.77,17370.15,STRONG_SELL
2022-04-20,-31.34,-21.21,17257.68,SELL
2022-04-21,79.26,100.0,17024.45,STRONG_BUY
2022-04-22,25.62,5.29,17023.81,BUY
2022-04-25,37.54,44.13,16906.33,BUY
2022-04-26,-42.72,-27.75,16992.59,STRONG_SELL
2022-04-27,21.89,52.36,16785.63,BUY
2022-04-28,-17.0,-22.72,16937.44,NEUTRAL
2022-04-29,85.92,98.65,16584.0,STRONG_BUY
2022-05-02,86.88,100.0,16584.0,STRONG_BUY
2022-05-03,100.0,100.0,16212.74,STRONG_BUY
2022-05-04,100.0,100.0,15953.07,STRONG_BUY
2022-05-05,100.0,100.0,15629.56,STRONG_BUY
2022-05-06,100.0,93.87,15821.74,STRONG_BUY
2022-05-09,100.0,100.0,15364.26,STRONG_BUY
2022-05-10,100.0,100.0,15540.01,STRONG_BUY
2022-05-11,100.0,100.0,15351.33,STRONG_BUY
2022-05-12,99.32,84.65,15326.01,STRONG_BUY
2022-05-13,89.5,66.65,15515.67,STRONG_BUY
2022-05-16,3.57,-11.57,15850.73,NEUTRAL
2022-05-17,-2.86,9.54,15802.49,NEUTRAL
2022-05-18,100.0,100.0,15471.42,STRONG_BUY
2022-05-19,92.46,93.15,15500.5,STRONG_BUY
2022-05-20,23.92,-26.12,15555.54,BUY
2022-05-23,-30.23,-21.09,15716.89,SELL
2022-05-24,-100.0,-100.0,16162.02,
2022-05-25,-100.0,-100.0,15876.5,
2022-05-26,-100.0,-100.0,16272.58,
2022-05-27,-100.0,-100.0,16019.08,
2022-05-30,-78.39,-50.91,15994.94,STRONG_SELL
2022-05-31,-64.25,12.87,15780.0,STRONG_SELL
2022-06-01,-34.39,17.45,15780.0,SELL
2022-06-02,-45.45,-1.99,15793.15,STRONG_SELL
2022-06-03,-100.0,-100.0,16226.44,
2022-06-06,-100.0,-100.0,16351.56,
2022-06-07,53.55,53.24,15688.22,STRONG_BUY
2022-06-08,15.67,1.39,15775.47,NEUTRAL
2022-06-09,-81.41,-82.22,16109.06,STRONG_SELL
2022-06-10,-71.82,-99.82,16049.91,STRONG_SELL
2022-06-13,-100.0,-100.0,16450.58,
2022-06-14,-100.0,-100.0,16964.66,
2022-06-15,-100.0,-100.0,17217.0,
2022-06-16,-100.0,-100.0,16928.04,
2022-06-17,-54.42,-61.73,16889.82,STRONG_SELL
2022-06-20,-100.0,-100.0,17619.12,
2022-06-21,-100.0,-100.0,17559.87,
2022-06-22,-87.34,-100.0,17422.99,STRONG_SELL
2022-06-23,68.55,100.0,16573.04,STRONG_BUY
2022-06-24,-93.13,-100.0,17316.93,STRONG_SELL
2022-06-27,-100.0,-88.83,17297.81,
2022-06-28,-100.0,-100.0,17788.34,
2022-06-29,-100.0,-100.0,17607.48,
2022-06-30,25.79,71.29,16929.0,BUY
2022-07-01,32.49,65.22,16929.0,BUY
2022-07-04,29.55,88.52,16775.25,BUY
2022-07-05,9.3,19.53,16889.93,NEUTRAL
2022-07-06,-32.76,-38.36,17367.93,SELL
2022-07-07,-35.68,-48.25,17136.04,SELL
2022-07-08,41.13,20.39,17040.61,STRONG_BUY
2022-07-11,77.26,50.44,16919.15,STRONG_BUY
2022-07-12,88.6,82.1,16961.93,STRONG_BUY
2022-07-13,100.0,100.0,16713.73,STRONG_BUY
2022-07-14,100.0,100.0,16622.44,STRONG_BUY
2022-07-15,71.47,34.44,16653.08,STRONG_BUY
2022-07-18,54.24,-9.82,16688.7,STRONG_BUY
2022-07-19,80.38,30.94,16608.81,STRONG_BUY
2022-07-20,100.0,100.0,16130.61,STRONG_BUY
2022-07-21,100.0,100.0,16381.41,STRONG_BUY
2022-07-22,52.52,27.9,16450.41,STRONG_BUY
2022-07-25,-96.79,-100.0,16810.71,STRONG_SELL
2022-07-26,-96.21,-100.0,17015.38,STRONG_SELL
2022-07-27,-100.0,-100.0,17286.96,
2022-07-28,-100.0,-100.0,17770.19,
2022-07-29,-100.0,-100.0,17759.0,
2022-08-01,-100.0,-100.0,17759.0,
2022-08-02,-70.47,-72.33,17465.84,STRONG_SELL
2022-08-03,-96.08,-69.91,17521.6,STRONG_SELL
2022-08-04,-2.63,25.8,17219.75,NEUTRAL
2022-08-05,51.22,60.65,16940.27,STRONG_BUY
2022-08-08,55.5,42.44,17026.35,STRONG_BUY
2022-08-09,-63.11,-96.85,17520.6,STRONG_SELL
2022-08-10,-12.78,-36.64,17294.34,NEUTRAL
2022-08-11,47.0,29.71,17251.02,STRONG_BUY
2022-08-12,11.06,-15.21,17280.98,NEUTRAL
2022-08-15,-33.92,-79.27,17452.5,SELL
2022-08-16,-63.7,-100.0,17600.24,STRONG_SELL
2022-08-17,-100.0,-100.0,17923.01,
2022-08-18,-100.0,-100.0,18020.02,
2022-08-19,-100.0,-100.0,18082.64,
2022-08-22,-100.0,-100.0,18190.0,
2022-08-23,-100.0,-100.0,18147.92,
2022-08-24,-100.0,-100.0,18350.55,
2022-08-25,-100.0,-100.0,18092.86,
2022-08-26,-17.19,-30.69,17765.55,NEUTRAL
2022-08-29,53.54,87.45,17527.13,STRONG_BUY
2022-08-30,74.5,100.0,17239.75,STRONG_BUY
2022-08-31,100.0,100.0,16888.0,STRONG_BUY
2022-09-01,100.0,100.0,16888.0,STRONG_BUY
2022-09-02,100.0,100.0,16481.62,STRONG_BUY
2022-09-05,100.0,100.0,16531.59,STRONG_BUY
2022-09-06,82.98,67.47,16660.88,STRONG_BUY
2022-09-07,62.85,25.69,16911.05,STRONG_BUY
2022-09-08,16.83,-19.51,17057.56,NEUTRAL
2022-09-09,-85.85,-100.0,17616.18,STRONG_SELL
2022-09-12,-62.82,-81.64,17556.48,STRONG_SELL
2022-09-13,-88.19,-100.0,17592.66,STRONG_SELL
2022-09-14,-91.38,-100.0,17820.4,STRONG_SELL
2022-09-15,-100.0,-94.29,18016.86,
2022-09-16,-98.83,-100.0,18080.27,STRONG_SELL
2022-09-19,-100.0,-90.91,18041.53,
2022-09-20,-100.0,-100.0,18366.1,
2022-09-21,-100.0,-100.0,18347.16,
2022-09-22,-100.0,-100.0,18794.65,
2022-09-23,-100.0,-100.0,18672.12,
2022-09-26,-100.0,-100.0,18742.31,
2022-09-27,-100.0,-97.69,18407.41,
2022-09-28,65.28,100.0,17748.11,STRONG_BUY
2022-09-29,41.72,36.12,17801.65,STRONG_BUY
2022-09-30,5.75,34.84,18012.0,NEUTRAL
2022-10-03,4.44,-2.17,18012.0,NEUTRAL
2022-10-04,53.53,68.79,17887.42,STRONG_BUY
2022-10-05,83.61,100.0,17851.15,STRONG_BUY
2022-10-06,100.0,100.0,17577.8,STRONG_BUY
2022-10-07,100.0,100.0,17147.62,STRONG_BUY
2022-10-10,100.0,100.0,17068.19,STRONG_BUY
2022-10-11,100.0,99.04,17296.69,STRONG_BUY
2022-10-12,84.52,82.58,17364.88,STRONG_BUY
2022-10-13,48.91,11.56,17560.1,STRONG_BUY
2022-10-14,36.43,-4.14,17475.19,BUY
2022-10-17,-11.37,-48.66,17808.72,NEUTRAL
2022-10-18,-53.92,-59.41,17967.58,STRONG_SELL
2022-10-19,-92.41,-95.16,18343.76,STRONG_SELL
2022-10-20,-100.0,-100.0,18462.56,
2022-10-21,33.08,-13.17,17670.69,BUY
2022-10-24,1.58,3.26,17826.78,NEUTRAL
2022-10-25,5.0,65.85,17927.49,NEUTRAL
2022-10-26,-50.53,-18.56,17979.63,STRONG_SELL
2022-10-27,-100.0,-91.85,18255.92,
2022-10-28,-100.0,-100.0,18566.13,
2022-10-31,-100.0,-100.0,18758.0,
2022-11-01,-100.0,-86.58,18758.0,
2022-11-02,-100.0,-100.0,18907.26,
2022-11-03,54.73,85.02,18154.38,STRONG_BUY
2022-11-04,62.58,84.77,17903.46,STRONG_BUY
2022-11-07,83.05,64.8,17864.28,STRONG_BUY
2022-11-08,100.0,100.0,17401.13,STRONG_BUY
2022-11-09,100.0,100.0,17190.31,STRONG_BUY
2022-11-10,100.0,100.0,17210.97,STRONG_BUY
2022-11-11,73.59,50.38,17376.98,STRONG_BUY
2022-11-14,68.88,65.68,17516.79,STRONG_BUY
2022-11-15,17.6,6.97,17806.27,NEUTRAL
2022-11-16,25.76,-39.67,17812.84,BUY
2022-11-17,-53.29,-73.55,18079.84,STRONG_SELL
2022-11-18,-57.19,-57.1,18231.9,STRONG_SELL
2022-11-21,-79.52,-100.0,18392.73,STRONG_SELL
2022-11-22,-72.51,-64.64,18514.59,STRONG_SELL
2022-11-23,-81.36,-69.43,18437.87,STRONG_SELL
2022-11-24,-100.0,-100.0,18809.32,
2022-11-25,-100.0,-100.0,20028.54,
2022-11-28,-100.0,-100.0,19226.51,
2022-11-29,-44.28,-6.21,18433.83,STRONG_SELL
2022-11-30,-8.38,40.58,18105.0,NEUTRAL
2022-12-01,20.79,90.16,18105.0,BUY
2022-12-02,0.81,26.99,17954.93,NEUTRAL
2022-12-05,61.34,100.0,17760.01,STRONG_BUY
2022-12-06,23.09,12.06,17834.18,BUY
2022-12-07,95.48,100.0,17505.72,STRONG_BUY
2022-12-08,55.69,41.61,17470.42,STRONG_BUY
2022-12-09,100.0,100.0,17362.13,STRONG_BUY
2022-12-12,88.59,91.37,17426.64,STRONG_BUY
2022-12-13,100.0,100.0,17293.27,STRONG_BUY
2022-12-14,-1.57,-1.67,17916.62,NEUTRAL
2022-12-15,60.03,42.8,17690.49,STRONG_BUY
2022-12-16,-37.97,-63.37,17903.01,SELL
2022-12-19,-11.1,-1.27,17739.93,NEUTRAL
2022-12-20,-72.15,-46.81,18188.83,STRONG_SELL
2022-12-21,-100.0,-100.0,18447.89,
2022-12-22,-100.0,-100.0,18191.43,
2022-12-23,68.95,79.48,17562.18,STRONG_BUY
2022-12-26,-5.26,27.72,17758.69,NEUTRAL
2022-12-27,-22.58,6.34,17688.14,SELL
2022-12-28,-65.62,-21.92,18057.07,STRONG_SELL
2022-12-29,-100.0,-89.44,17986.24,
2022-12-30,23.81,92.54,17604.0,BUY
2023-01-02,33.11,28.67,17604.0,BUY
2023-01-03,-8.78,-5.96,17798.31,NEUTRAL
2023-01-04,-10.17,-2.16,17778.32,NEUTRAL
2023-01-05,49.83,66.52,17623.98,STRONG_BUY
2023-01-06,25.14,7.64,17655.24,BUY
2023-01-09,100.0,76.64,17411.42,STRONG_BUY
2023-01-10,100.0,100.0,17505.21,STRONG_BUY
2023-01-11,-3.34,-29.26,17937.09,NEUTRAL
2023-01-12,-27.27,-31.01,17905.95,SELL
2023-01-13,65.47,58.45,17625.76,STRONG_BUY
2023-01-16,79.87,58.51,17640.48,STRONG_BUY
2023-01-17,100.0,94.62,17240.91,STRONG_BUY
2023-01-18,100.0,100.0,17276.8,STRONG_BUY
2023-01-19,80.79,89.32,17395.14,STRONG_BUY
2023-01-20,69.38,22.06,17272.46,STRONG_BUY
2023-01-23,-5.33,-15.28,17503.51,NEUTRAL
2023-01-24,-100.0,-100.0,17802.59,
2023-01-25,-100.0,-69.27,17913.11,
2023-01-26,-100.0,-100.0,18469.88,
2023-01-27,-91.04,-80.33,17894.73,STRONG_SELL
2023-01-30,23.87,50.23,17470.71,BUY
2023-01-31,55.48,57.19,17303.0,STRONG_BUY
2023-02-01,55.5,66.26,17303.0,STRONG_BUY
2023-02-02,24.61,93.5,17409.96,BUY
2023-02-03,-69.64,-45.82,17668.06,STRONG_SELL
2023-02-06,-35.79,-27.67,17606.22,SELL
2023-02-07,34.26,56.55,17587.57,BUY
2023-02-08,44.17,35.48,17488.72,STRONG_BUY
2023-02-09,-88.44,-100.0,18038.63,STRONG_SELL
2023-02-10,-100.0,-100.0,17917.35,
2023-02-13,-30.2,-33.76,17701.48,SELL
2023-02-14,-53.69,5.19,17893.19,STRONG_SELL
2023-02-15,-26.1,-26.54,17781.7,SELL
2023-02-16,-95.96,-75.02,17953.07,STRONG_SELL
2023-02-17,-56.19,-61.39,17812.54,STRONG_SELL
2023-02-20,-100.0,-100.0,17916.59,
2023-02-21,-100.0,-100.0,17954.32,
2023-02-22,100.0,100.0,16754.54,STRONG_BUY
2023-02-23,100.0,100.0,17045.07,STRONG_BUY
2023-02-24,100.0,100.0,16916.03,STRONG_BUY
2023-02-27,43.46,67.87,17233.42,STRONG_BUY
2023-02-28,-3.77,21.48,17360.0,NEUTRAL
2023-03-01,27.33,30.06,17360.0,BUY
2023-03-02,-100.0,-100.0,17863.4,
2023-03-03,-100.0,-86.35,18040.61,
2023-03-06,-40.68,-71.1,17922.05,STRONG_SELL
2023-03-07,64.31,79.99,17405.4,STRONG_BUY
2023-03-08,30.0,66.6,17597.23,BUY
2023-03-09,-64.79,-76.28,17756.43,STRONG_SELL
2023-03-10,-72.57,-51.25,17982.09,STRONG_SELL
2023-03-13,-36.19,-76.85,17780.14,SELL
2023-03-14,-64.09,-58.33,17891.98,STRONG_SELL
2023-03-15,23.17,44.59,17633.36,BUY
2023-03-16,45.86,48.37,17735.36,STRONG_BUY
2023-03-17,-77.23,-87.79,18172.43,STRONG_SELL
2023-03-20,-100.0,-100.0,18223.6,
2023-03-21,-68.72,-84.73,18031.42,STRONG_SELL
2023-03-22,-10.12,-25.56,17988.33,NEUTRAL
2023-03-23,100.0,56.91,17750.0,STRONG_BUY
2023-03-24,96.07,88.35,17694.69,STRONG_BUY
2023-03-27,-50.66,14.8,17926.62,STRONG_SELL
2023-03-28,-15.25,-25.4,17805.46,NEUTRAL
2023-03-29,-81.73,-44.65,17997.31,STRONG_SELL
2023-03-30,-44.77,-5.19,18102.28,STRONG_SELL
2023-03-31,-56.05,-27.87,18065.0,STRONG_SELL
2023-04-03,-51.18,-2.81,18065.0,STRONG_SELL
2023-04-04,-28.94,-25.92,18049.2,SELL
2023-04-05,82.47,100.0,17741.03,STRONG_BUY
2023-04-06,100.0,100.0,17474.68,STRONG_BUY
2023-04-07,100.0,86.25,17610.21,STRONG_BUY
2023-04-10,72.02,55.6,17698.88,STRONG_BUY
2023-04-11,-92.33,-91.45,18210.21,STRONG_SELL
2023-04-12,-78.29,-100.0,18041.3,STRONG_SELL
2023-04-13,60.68,46.65,17648.34,STRONG_BUY
2023-04-14,100.0,100.0,17622.08,STRONG_BUY
2023-04-17,86.5,65.96,17581.8,STRONG_BUY
2023-04-18,-19.79,-35.55,17952.46,NEUTRAL
2023-04-19,-32.4,-0.82,17948.02,SELL
2023-04-20,-48.03,-89.54,18023.03,STRONG_SELL
2023-04-21,25.6,42.43,17906.78,BUY
2023-04-24,20.56,-32.06,17837.89,BUY
2023-04-25,-83.95,-63.68,18027.63,STRONG_SELL
2023-04-26,-100.0,-100.0,18139.14,
2023-04-27,-64.89,-39.14,17868.4,STRONG_SELL
2023-04-28,-100.0,-100.0,18535.0,
2023-05-01,-100.0,-100.0,18535.0,
2023-05-02,-100.0,-73.56,18472.28,
2023-05-03,-100.0,-57.01,18480.45,
2023-05-04,-100.0,-100.0,18813.63,
2023-05-05,-68.22,-19.72,18496.72,STRONG_SELL
2023-05-08,34.18,77.77,18292.55,BUY
2023-05-09,-23.05,27.04,18491.65,SELL
2023-05-10,-89.74,-100.0,18549.97,STRONG_SELL
2023-05-11,-64.98,-89.32,18543.4,STRONG_SELL
2023-05-12,-100.0,-100.0,19185.47,
2023-05-15,-100.0,-100.0,19185.22,
2023-05-16,-100.0,-100.0,19355.2,
2023-05-17,-76.64,-38.28,18988.02,STRONG_SELL
2023-05-18,-63.21,-76.81,19136.17,STRONG_SELL
2023-05-19,-49.14,-30.12,19134.61,STRONG_SELL
2023-05-22,100.0,100.0,18203.23,STRONG_BUY
2023-05-23,100.0,100.0,17732.17,STRONG_BUY
2023-05-24,100.0,100.0,17759.53,STRONG_BUY
2023-05-25,100.0,99.03,18019.48,STRONG_BUY
2023-05-26,35.13,49.54,18321.89,BUY
2023-05-29,31.17,12.1,18324.82,BUY
2023-05-30,45.85,33.2,18308.01,STRONG_BUY
2023-05-31,-100.0,-68.89,18935.0,
2023-06-01,-100.0,-100.0,18935.0,
2023-06-02,-100.0,-100.0,19313.71,
2023-06-05,-100.0,-100.0,19688.13,
2023-06-06,-100.0,-100.0,19466.89,
2023-06-07,-83.07,-83.9,19452.25,STRONG_SELL
2023-06-08,-76.6,-92.39,19442.07,STRONG_SELL
2023-06-09,-82.08,-31.13,19470.57,STRONG_SELL
2023-06-12,-100.0,-91.74,19702.18,
2023-06-13,-100.0,-100.0,19844.99,
2023-06-14,-100.0,-100.0,20276.26,
2023-06-15,-100.0,-100.0,20058.14,
2023-06-16,-95.15,-100.0,20195.87,STRONG_SELL
2023-06-19,-100.0,-100.0,20418.67,
2023-06-20,-100.0,-100.0,20239.84,
2023-06-21,-83.07,-67.83,20331.81,STRONG_SELL
2023-06-22,87.26,89.11,19425.68,STRONG_BUY
2023-06-23,23.32,72.98,19819.01,BUY
2023-06-26,80.02,100.0,19586.08,STRONG_BUY
2023-06-27,100.0,100.0,19165.42,STRONG_BUY
2023-06-28,100.0,100.0,18743.42,STRONG_BUY
2023-06-29,41.47,13.85,19437.8,STRONG_BUY
2023-06-30,-47.65,-52.61,19753.0,STRONG_SELL
2023-07-03,-17.42,-16.15,19753.0,NEUTRAL
2023-07-04,61.5,81.66,19469.43,STRONG_BUY
2023-07-05,67.91,77.73,19377.08,STRONG_BUY
2023-07-06,93.24,86.45,19233.3,STRONG_BUY
2023-07-07,74.44,99.55,19395.62,STRONG_BUY
2023-07-10,63.74,68.16,19493.25,STRONG_BUY
2023-07-11,-27.92,-52.34,19890.81,SELL
2023-07-12,-71.93,-63.9,20083.1,STRONG_SELL
2023-07-13,39.83,38.99,19714.49,BUY
2023-07-14,100.0,100.0,19264.62,STRONG_BUY
2023-07-17,100.0,100.0,19285.82,STRONG_BUY
2023-07-18,88.4,100.0,19418.09,STRONG_BUY
2023-07-19,2.45,-38.33,19562.75,NEUTRAL
2023-07-20,67.05,57.56,19441.83,STRONG_BUY
2023-07-21,-57.92,-100.0,19980.5,STRONG_SELL
2023-07-24,-75.43,-58.81,19967.22,STRONG_SELL
2023-07-25,-48.47,4.27,19956.08,STRONG_SELL
2023-07-26,-45.68,-11.27,19880.62,STRONG_SELL
2023-07-27,100.0,100.0,19243.06,STRONG_BUY
2023-07-28,100.0,100.0,19295.12,STRONG_BUY
2023-07-31,17.52,48.12,19674.0,NEUTRAL
2023-08-01,-22.32,-48.46,19674.0,SELL
2023-08-02,28.42,43.91,19703.93,BUY
2023-08-03,-5.29,3.61,19803.84,NEUTRAL
2023-08-04,40.37,28.72,19670.64,STRONG_BUY
2023-08-07,-100.0,-100.0,20213.53,
2023-08-08,-63.91,-81.45,20001.43,STRONG_SELL
2023-08-09,-44.53,-68.02,20003.24,STRONG_SELL
2023-08-10,5.85,-2.9,19779.84,NEUTRAL
2023-08-11,-84.51,-53.86,20092.16,STRONG_SELL
2023-08-14,47.29,22.15,19773.24,STRONG_BUY
2023-08-15,19.34,36.81,19931.56,NEUTRAL
2023-08-16,72.59,71.79,19749.38,STRONG_BUY
2023-08-17,58.8,46.5,19837.34,STRONG_BUY
2023-08-18,-6.45,-9.5,20063.4,NEUTRAL
2023-08-21,68.55,-7.97,19784.45,STRONG_BUY
2023-08-22,91.96,33.44,19691.69,STRONG_BUY
2023-08-23,99.65,100.0,19797.51,STRONG_BUY
2023-08-24,63.79,37.22,19732.35,STRONG_BUY
2023-08-25,17.62,53.25,19934.91,NEUTRAL
2023-08-28,-100.0,-100.0,20224.32,
2023-08-29,-86.22,-100.0,20163.71,STRONG_SELL
2023-08-30,-95.06,-100.0,20147.08,STRONG_SELL
2023-08-31,100.0,100.0,19638.0,STRONG_BUY
2023-09-01,100.0,100.0,19638.0,STRONG_BUY
2023-09-04,100.0,100.0,19256.97,STRONG_BUY
2023-09-05,100.0,100.0,19131.32,STRONG_BUY
2023-09-06,51.65,50.86,19505.68,STRONG_BUY
2023-09-07,88.57,77.48,19226.76,STRONG_BUY
2023-09-08,100.0,100.0,19134.96,STRONG_BUY
2023-09-11,100.0,100.0,18498.24,STRONG_BUY
2023-09-12,100.0,100.0,18435.13,STRONG_BUY
2023-09-13,100.0,100.0,18095.68,STRONG_BUY
2023-09-14,100.0,100.0,18203.49,STRONG_BUY
2023-09-15,100.0,100.0,18265.01,STRONG_BUY
2023-09-18,100.0,98.82,18346.27,STRONG_BUY
2023-09-19,100.0,94.36,18356.14,STRONG_BUY
2023-09-20,100.0,100.0,18272.54,STRONG_BUY
2023-09-21,100.0,100.0,18145.16,STRONG_BUY
2023-09-22,100.0,100.0,18108.34,STRONG_BUY
2023-09-25,66.22,98.03,18199.15,STRONG_BUY
2023-09-26,87.53,100.0,18238.8,STRONG_BUY
2023-09-27,70.29,99.29,18210.1,STRONG_BUY
2023-09-28,-9.63,-6.53,18391.36,NEUTRAL
2023-09-29,-100.0,-100.0,19000.0,
2023-10-02,-100.0,-100.0,19000.0,
2023-10-03,-100.0,-100.0,19168.58,
2023-10-04,-100.0,-86.0,19178.13,
2023-10-05,-100.0,-100.0,19427.45,
2023-10-06,-100.0,-100.0,19567.77,
2023-10-09,-87.91,-100.0,19332.22,STRONG_SELL
2023-10-10,-10.14,6.54,19151.39,NEUTRAL
2023-10-11,18.22,2.48,18818.58,NEUTRAL
2023-10-12,100.0,93.7,18428.72,STRONG_BUY
2023-10-13,100.0,100.0,18432.68,STRONG_BUY
2023-10-16,58.58,58.77,18590.65,STRONG_BUY
2023-10-17,90.39,89.8,18367.24,STRONG_BUY
2023-10-18,51.88,4.65,18489.85,STRONG_BUY
2023-10-19,-22.8,-13.5,18855.3,SELL
2023-10-20,-73.32,-53.25,19092.8,STRONG_SELL
2023-10-23,-93.51,-75.74,19222.93,STRONG_SELL
2023-10-24,-100.0,-100.0,19223.2,
2023-10-25,4.36,41.29,18972.09,NEUTRAL
2023-10-26,-43.9,-46.01,18986.28,STRONG_SELL
2023-10-27,-62.98,-35.73,19036.13,STRONG_SELL
2023-10-30,-100.0,-100.0,19618.24,
2023-10-31,-100.0,-100.0,19795.0,
2023-11-01,-100.0,-100.0,19795.0,
2023-11-02,-63.05,-35.74,19492.27,STRONG_SELL
2023-11-03,-80.7,-49.54,19539.45,STRONG_SELL
2023-11-06,-56.35,-70.97,19583.6,STRONG_SELL
2023-11-07,-84.93,-89.76,19626.62,STRONG_SELL
2023-11-08,100.0,100.0,18937.72,STRONG_BUY
2023-11-09,100.0,100.0,18816.2,STRONG_BUY
2023-11-10,100.0,100.0,18928.55,STRONG_BUY
2023-11-13,-97.63,-100.0,19725.11,STRONG_SELL
2023-11-14,-100.0,-100.0,19871.02,
2023-11-15,-100.0,-100.0,20177.8,
2023-11-16,-100.0,-100.0,20097.21,
2023-11-17,-100.0,-100.0,20013.65,
2023-11-20,-100.0,-100.0,20160.59,
2023-11-21,-26.03,-25.52,19993.54,SELL
2023-11-22,-100.0,-87.76,20238.85,
2023-11-23,-100.0,-100.0,20196.47,
2023-11-24,-100.0,-100.0,20201.88,
2023-11-27,-100.0,-100.0,20587.68,
2023-11-28,-100.0,-100.0,21086.86,
2023-11-29,-100.0,-100.0,22193.06,
2023-11-30,-100.0,-100.0,21731.0,
2023-12-01,-100.0,-100.0,21731.0,
2023-12-04,-60.82,-60.73,21252.93,STRONG_SELL
2023-12-05,-20.42,14.77,21109.56,SELL
2023-12-06,38.09,82.93,20901.72,BUY
2023-12-07,-4.35,-19.73,21005.58,NEUTRAL
2023-12-08,-45.9,-46.45,21450.56,STRONG_SELL
2023-12-11,-35.88,-69.91,21558.77,SELL
2023-12-12,-27.95,-25.25,21471.97,SELL
2023-12-13,50.16,56.92,21457.45,STRONG_BUY
2023-12-14,-100.0,-100.0,22276.22,
2023-12-15,-100.0,-100.0,22230.47,
2023-12-18,-100.0,-100.0,22421.52,
2023-12-19,5.21,-9.83,22033.48,NEUTRAL
2023-12-20,-65.95,-92.16,22127.56,STRONG_SELL
2023-12-21,-75.18,-98.53,22175.57,STRONG_SELL
2023-12-22,-28.91,-47.83,21917.51,SELL
2023-12-25,50.5,100.0,21705.95,STRONG_BUY
2023-12-26,33.01,83.89,21794.17,BUY
2023-12-27,-90.77,-81.67,22025.57,STRONG_SELL
2023-12-28,89.37,67.92,21641.65,STRONG_BUY
2023-12-29,69.31,61.89,21725.0,STRONG_BUY
2024-01-01,85.8,100.0,21725.0,STRONG_BUY
2024-01-02,74.72,55.03,21620.68,STRONG_BUY
2024-01-03,49.98,63.72,21935.75,STRONG_BUY
2024-01-04,-36.74,-35.03,22152.04,SELL
2024-01-05,-100.0,-100.0,22366.1,
2024-01-08,-100.0,-100.0,22582.57,
2024-01-09,-100.0,-100.0,22614.13,
2024-01-10,-100.0,-100.0,22695.48,
2024-01-11,-100.0,-100.0,23169.15,
2024-01-12,-100.0,-100.0,23168.22,
2024-01-15,-100.0,-100.0,23773.51,
2024-01-16,-100.0,-100.0,24091.69,
2024-01-17,-92.65,-75.93,23522.91,STRONG_SELL
2024-01-18,9.23,21.27,23164.02,NEUTRAL
2024-01-19,38.82,38.74,23008.19,BUY
2024-01-22,87.42,95.96,22601.51,STRONG_BUY
2024-01-23,76.28,74.3,22930.22,STRONG_BUY
2024-01-24,92.92,62.12,22579.5,STRONG_BUY
2024-01-25,100.0,100.0,21698.69,STRONG_BUY
2024-01-26,100.0,100.0,21982.18,STRONG_BUY
2024-01-29,40.66,15.93,22502.67,STRONG_BUY
2024-01-30,-19.89,-32.98,22703.89,NEUTRAL
2024-01-31,42.16,65.92,22405.0,STRONG_BUY
2024-02-01,32.92,36.31,22405.0,BUY
2024-02-02,100.0,100.0,21953.74,STRONG_BUY
2024-02-05,36.55,83.51,22316.44,BUY
2024-02-06,90.92,92.71,22251.79,STRONG_BUY
2024-02-07,37.37,-3.68,22283.95,BUY
2024-02-08,100.0,100.0,21680.0,STRONG_BUY
2024-02-09,100.0,100.0,21512.14,STRONG_BUY
2024-02-12,97.78,78.32,22351.44,STRONG_BUY
2024-02-13,100.0,66.15,22187.0,STRONG_BUY
2024-02-14,93.39,40.38,22196.96,STRONG_BUY
2024-02-15,100.0,75.41,22116.69,STRONG_BUY
2024-02-16,100.0,100.0,21918.19,STRONG_BUY
2024-02-19,75.51,66.02,22262.0,STRONG_BUY
2024-02-20,-4.86,-2.81,22424.96,NEUTRAL
2024-02-21,17.62,-46.61,22386.78,NEUTRAL
2024-02-22,21.31,39.73,22350.12,BUY
2024-02-23,54.52,67.67,22320.4,STRONG_BUY
2024-02-26,42.5,38.86,22180.44,STRONG_BUY
2024-02-27,47.66,65.07,22171.58,STRONG_BUY
2024-02-28,100.0,100.0,21906.68,STRONG_BUY
2024-02-29,-57.85,-31.01,22326.0,STRONG_SELL
2024-03-01,-47.73,-10.51,22326.0,STRONG_SELL
2024-03-04,28.84,22.23,22175.48,BUY
2024-03-05,100.0,100.0,21424.4,STRONG_BUY
2024-03-06,100.0,100.0,20836.68,STRONG_BUY
2024-03-07,100.0,100.0,20872.77,STRONG_BUY
2024-03-08,100.0,100.0,21196.08,STRONG_BUY
2024-03-11,100.0,100.0,20827.67,STRONG_BUY
2024-03-12,75.38,14.76,21450.97,STRONG_BUY
2024-03-13,93.75,78.33,21251.72,STRONG_BUY
2024-03-14,100.0,79.34,21243.49,STRONG_BUY
2024-03-15,97.4,82.85,21236.86,STRONG_BUY
2024-03-18,-9.16,-35.59,21847.91,NEUTRAL
2024-03-19,-82.78,-100.0,22066.74,STRONG_SELL
2024-03-20,-66.61,-92.48,22213.89,STRONG_SELL
2024-03-21,-82.8,-73.38,22344.3,STRONG_SELL
2024-03-22,-34.15,-36.95,22216.22,SELL
2024-03-25,-100.0,-93.33,22222.4,
2024-03-26,-88.38,-48.31,22373.79,STRONG_SELL
2024-03-27,-100.0,-70.14,22462.97,
2024-03-28,-62.14,-62.0,22215.94,STRONG_SELL
2024-03-29,-100.0,-67.31,22420.0,
2024-04-01,-60.93,-46.67,22420.0,STRONG_SELL
2024-04-02,-100.0,-100.0,23128.29,
2024-04-03,-100.0,-100.0,23063.77,
2024-04-04,-61.78,-13.86,22997.59,STRONG_SELL
2024-04-05,-91.54,-44.78,23124.1,STRONG_SELL
2024-04-08,-46.08,-38.52,22948.63,STRONG_SELL
2024-04-09,38.7,30.9,22770.8,BUY
2024-04-10,62.38,63.52,22725.48,STRONG_BUY
2024-04-11,9.39,-13.18,22898.3,NEUTRAL
2024-04-12,-84.63,-100.0,23232.03,STRONG_SELL
2024-04-15,-74.28,-97.55,23366.37,STRONG_SELL
2024-04-16,-61.19,-95.47,23365.4,STRONG_SELL
2024-04-17,-69.39,-50.85,23478.1,STRONG_SELL
2024-04-18,24.79,34.31,23303.63,BUY
2024-04-19,67.28,33.05,23193.75,STRONG_BUY
2024-04-22,87.39,80.39,23168.78,STRONG_BUY
2024-04-23,-34.39,-47.06,23514.2,SELL
2024-04-24,-47.61,-63.76,23647.86,STRONG_SELL
2024-04-25,44.45,49.76,23228.55,STRONG_BUY
2024-04-26,32.06,53.29,23404.43,BUY
2024-04-29,-94.96,-100.0,23829.19,STRONG_SELL
2024-04-30,13.3,-14.09,23350.0,NEUTRAL
2024-05-01,23.67,30.75,23350.0,BUY
2024-05-02,100.0,100.0,22812.4,STRONG_BUY
2024-05-03,89.76,72.54,22674.76,STRONG_BUY
2024-05-06,100.0,100.0,22765.88,STRONG_BUY
2024-05-07,99.09,67.25,22910.45,STRONG_BUY
2024-05-08,93.67,65.84,22890.13,STRONG_BUY
2024-05-09,44.31,-5.06,23006.24,STRONG_BUY
2024-05-10,64.93,45.21,23021.48,STRONG_BUY
2024-05-13,100.0,100.0,22788.55,STRONG_BUY
2024-05-14,97.29,76.3,22837.24,STRONG_BUY
2024-05-15,100.0,93.46,22855.86,STRONG_BUY
2024-05-16,100.0,100.0,22577.29,STRONG_BUY
2024-05-17,100.0,100.0,22165.52,STRONG_BUY
2024-05-20,88.77,73.72,22455.79,STRONG_BUY
2024-05-21,-100.0,-74.33,23586.87,
2024-05-22,-48.07,-48.32,23221.04,STRONG_SELL
2024-05-23,-1.66,3.58,23113.19,NEUTRAL
2024-05-24,-100.0,-100.0,23621.08,
2024-05-27,-88.85,-62.2,23328.55,STRONG_SELL
2024-05-28,-59.99,-37.69,23297.46,STRONG_SELL
2024-05-29,-9.33,11.54,23231.13,NEUTRAL
2024-05-30,-100.0,-52.78,23576.88,
2024-05-31,-100.0,-69.14,23686.0,
2024-06-03,-100.0,-100.0,23686.0,
2024-06-04,-100.0,-100.0,24157.82,
2024-06-05,-100.0,-100.0,24522.99,
2024-06-06,-100.0,-100.0,24525.51,
2024-06-07,-88.75,-45.64,24394.18,STRONG_SELL
2024-06-10,-81.87,-49.98,24593.83,STRONG_SELL
2024-06-11,-66.23,-82.03,24351.37,STRONG_SELL
2024-06-12,-51.29,-65.87,24287.49,STRONG_SELL
2024-06-13,50.07,60.87,23856.36,STRONG_BUY
2024-06-14,36.46,69.45,23830.73,BUY
2024-06-17,-100.0,-100.0,24740.81,
2024-06-18,-100.0,-100.0,24752.93,
2024-06-19,-72.81,-58.73,24633.25,STRONG_SELL
2024-06-20,-100.0,-80.81,24934.35,
2024-06-21,-100.0,-96.35,25087.08,
2024-06-24,26.56,29.71,24674.43,BUY
2024-06-25,-69.33,-47.59,25013.22,STRONG_SELL
2024-06-26,-75.67,-39.06,24968.37,STRONG_SELL
2024-06-27,-47.77,-24.33,24741.22,STRONG_SELL
2024-06-28,-36.55,26.43,24951.0,SELL
2024-07-01,-30.26,9.29,24951.0,SELL
2024-07-02,100.0,100.0,23823.55,STRONG_BUY
2024-07-03,86.87,92.76,24295.22,STRONG_BUY
2024-07-04,100.0,100.0,24156.5,STRONG_BUY
2024-07-05,100.0,100.0,23370.79,STRONG_BUY
2024-07-08,100.0,100.0,23252.78,STRONG_BUY
2024-07-09,100.0,100.0,23314.51,STRONG_BUY
2024-07-10,100.0,100.0,23482.29,STRONG_BUY
2024-07-11,100.0,82.42,23417.37,STRONG_BUY
2024-07-12,100.0,100.0,23392.49,STRONG_BUY
2024-07-15,100.0,80.82,23580.02,STRONG_BUY
2024-07-16,100.0,100.0,22590.41,STRONG_BUY
2024-07-17,100.0,100.0,22711.86,STRONG_BUY
2024-07-18,55.04,20.71,23322.22,STRONG_BUY
2024-07-19,-24.73,-54.28,23817.5,SELL
2024-07-22,-57.68,-100.0,23940.8,STRONG_SELL
2024-07-23,-56.98,-100.0,23943.25,STRONG_SELL
2024-07-24,-84.38,-100.0,24458.41,STRONG_SELL
2024-07-25,-100.0,-100.0,24738.39,
2024-07-26,-100.0,-100.0,24671.49,
2024-07-29,-4.38,5.87,24155.83,NEUTRAL
2024-07-30,-45.68,-13.1,24409.44,STRONG_SELL
2024-07-31,-100.0,-100.0,25235.0,
2024-08-01,-100.0,-100.0,25235.0,
2024-08-02,-100.0,-100.0,25641.92,
2024-08-05,-100.0,-100.0,25800.69,
2024-08-06,-100.0,-100.0,25679.18,
2024-08-07,-69.7,-32.57,25755.48,STRONG_SELL
2024-08-08,-84.97,-77.65,26015.06,STRONG_SELL
2024-08-09,-100.0,-97.26,26374.26,
2024-08-12,-47.34,-26.83,25975.45,STRONG_SELL
2024-08-13,68.62,52.72,25407.97,STRONG_BUY
2024-08-14,63.8,39.05,25508.75,STRONG_BUY
2024-08-15,98.76,100.0,25385.82,STRONG_BUY
2024-08-16,100.0,100.0,24874.41,STRONG_BUY
2024-08-19,100.0,100.0,24835.91,STRONG_BUY
2024-08-20,100.0,100.0,24648.71,STRONG_BUY
2024-08-21,100.0,100.0,24979.56,STRONG_BUY
2024-08-22,64.02,5.91,25037.42,STRONG_BUY
2024-08-23,76.65,61.61,25309.41,STRONG_BUY
2024-08-26,-80.22,-56.4,25965.11,STRONG_SELL
2024-08-27,-100.0,-100.0,26809.93,
2024-08-28,-63.49,-70.36,26075.71,STRONG_SELL
2024-08-29,-41.28,-40.53,26048.05,STRONG_SELL
2024-08-30,-36.76,18.77,26178.0,SELL
2024-09-02,-52.42,-61.49,26178.0,STRONG_SELL
2024-09-03,-36.12,9.17,26278.41,SELL
2024-09-04,-52.31,-36.49,26388.27,STRONG_SELL
2024-09-05,63.97,77.88,25915.56,STRONG_BUY
2024-09-06,99.81,81.2,25521.83,STRONG_BUY
2024-09-09,100.0,100.0,25381.82,STRONG_BUY
2024-09-10,100.0,100.0,25407.21,STRONG_BUY
2024-09-11,44.46,14.93,25959.44,STRONG_BUY
2024-09-12,33.55,17.4,25960.18,BUY
2024-09-13,82.45,27.2,25784.81,STRONG_BUY
2024-09-16,100.0,100.0,25433.36,STRONG_BUY
2024-09-17,100.0,100.0,25165.71,STRONG_BUY
2024-09-18,100.0,100.0,24886.66,STRONG_BUY
2024-09-19,100.0,100.0,24414.48,STRONG_BUY
2024-09-20,100.0,100.0,24352.45,STRONG_BUY
2024-09-23,100.0,100.0,24691.24,STRONG_BUY
2024-09-24,87.63,69.53,24512.22,STRONG_BUY
2024-09-25,100.0,100.0,23298.32,STRONG_BUY
2024-09-26,100.0,100.0,23558.64,STRONG_BUY
2024-09-27,100.0,100.0,23525.32,STRONG_BUY
2024-09-30,79.44,100.0,23911.0,STRONG_BUY
2024-10-01,86.79,59.69,23911.0,STRONG_BUY
2024-10-02,83.67,80.8,23771.59,STRONG_BUY
2024-10-03,96.04,100.0,23729.99,STRONG_BUY
2024-10-04,62.6,100.0,23840.31,STRONG_BUY
2024-10-07,81.21,77.66,23882.89,STRONG_BUY
2024-10-08,27.67,2.19,24091.04,BUY
2024-10-09,-83.34,-100.0,24698.03,STRONG_SELL
2024-10-10,-32.35,-66.12,24358.84,SELL
2024-10-11,100.0,100.0,23184.74,STRONG_BUY
2024-10-14,100.0,100.0,23023.91,STRONG_BUY
2024-10-15,100.0,100.0,22609.81,STRONG_BUY
2024-10-16,100.0,100.0,22604.74,STRONG_BUY
2024-10-17,100.0,100.0,22439.67,STRONG_BUY
2024-10-18,98.83,57.72,22703.85,STRONG_BUY
2024-10-21,74.49,77.5,22793.12,STRONG_BUY
2024-10-22,44.11,26.77,23130.73,STRONG_BUY
2024-10-23,67.68,81.51,22963.86,STRONG_BUY
2024-10-24,42.99,2.64,23108.32,STRONG_BUY
2024-10-25,0.18,-0.45,23236.88,NEUTRAL
2024-10-28,55.78,49.92,22794.04,STRONG_BUY
2024-10-29,52.15,76.49,22932.58,STRONG_BUY
2024-10-30,13.35,54.13,23137.73,NEUTRAL
2024-10-31,-93.99,-74.2,23644.0,STRONG_SELL
2024-11-01,-58.93,-30.94,23644.0,STRONG_SELL
2024-11-04,-40.29,-2.72,23398.37,STRONG_SELL
2024-11-05,37.96,31.97,23141.78,BUY
2024-11-06,79.55,72.17,23004.38,STRONG_BUY
2024-11-07,55.89,60.05,23111.54,STRONG_BUY
2024-11-08,100.0,100.0,22875.59,STRONG_BUY
2024-11-11,28.17,-5.99,23024.48,BUY
2024-11-12,-10.41,-22.2,23191.29,NEUTRAL
2024-11-13,90.81,85.15,22783.9,STRONG_BUY
2024-11-14,100.0,90.37,23021.74,STRONG_BUY
2024-11-15,-88.13,-100.0,23631.0,STRONG_SELL
2024-11-18,20.43,-30.75,23267.45,BUY
2024-11-19,5.29,6.69,23369.82,NEUTRAL
2024-11-20,-100.0,-100.0,23963.02,
2024-11-21,-73.82,-100.0,23949.73,STRONG_SELL
2024-11-22,-15.1,-45.54,23544.24,NEUTRAL
2024-11-25,1.52,38.8,23512.38,NEUTRAL
2024-11-26,-13.76,23.53,23540.48,NEUTRAL
2024-11-27,-98.9,-77.38,23864.17,STRONG_SELL
2024-11-28,-87.49,-90.07,23804.31,STRONG_SELL
2024-11-29,-21.92,-11.59,23645.0,SELL
2024-12-02,-35.28,-36.55,23645.0,SELL
2024-12-03,-100.0,-100.0,24199.35,
2024-12-04,-100.0,-100.0,25034.73,
2024-12-05,-100.0,-100.0,25486.36,
2024-12-06,-100.0,-100.0,25149.65,
2024-12-09,-88.59,-84.65,24872.02,STRONG_SELL
2024-12-10,-91.41,-100.0,25216.21,STRONG_SELL
2024-12-11,-70.42,-41.05,25136.47,STRONG_SELL
2024-12-12,-33.25,-5.15,24766.7,SELL
2024-12-13,14.15,6.96,24484.56,NEUTRAL
2024-12-16,-6.38,-8.36,24538.99,NEUTRAL
2024-12-17,30.35,52.19,24494.2,BUY
2024-12-18,54.27,52.1,24475.55,STRONG_BUY
2024-12-19,96.85,73.4,24008.33,STRONG_BUY
2024-12-20,90.18,88.36,23800.35,STRONG_BUY
2024-12-23,100.0,100.0,23244.81,STRONG_BUY
2024-12-24,100.0,100.0,22803.09,STRONG_BUY
2024-12-25,100.0,100.0,23001.08,STRONG_BUY
2024-12-26,84.94,100.0,23062.9,STRONG_BUY
2024-12-27,60.57,33.32,23119.23,STRONG_BUY
2024-12-30,100.0,100.0,22710.45,STRONG_BUY
2024-12-31,69.74,46.17,23163.0,STRONG_BUY
2025-01-01,71.43,92.69,23163.0,STRONG_BUY
2025-01-02,71.76,37.08,23104.51,STRONG_BUY
2025-01-03,40.47,50.56,23075.24,STRONG_BUY
2025-01-06,-37.6,-69.55,23342.3,SELL
2025-01-07,-70.47,-95.0,23332.3,STRONG_SELL
2025-01-08,-37.38,-52.41,23249.97,SELL
2025-01-09,82.4,76.86,22809.02,STRONG_BUY
2025-01-10,100.0,100.0,22836.64,STRONG_BUY
2025-01-13,-34.07,-25.1,23313.31,SELL
2025-01-14,-14.75,-59.66,23383.7,NEUTRAL
2025-01-15,-16.45,-33.76,23532.82,NEUTRAL
2025-01-16,28.02,23.23,23341.01,BUY
2025-01-17,95.3,63.04,22889.31,STRONG_BUY
2025-01-20,100.0,100.0,23004.04,STRONG_BUY
2025-01-21,100.0,100.0,22692.32,STRONG_BUY
2025-01-22,100.0,100.0,22348.26,STRONG_BUY
2025-01-23,100.0,68.59,22490.8,STRONG_BUY
2025-01-24,4.57,-27.85,23047.65,NEUTRAL
2025-01-27,54.25,67.52,22731.79,STRONG_BUY
2025-01-28,76.8,98.3,22685.03,STRONG_BUY
2025-01-29,91.94,100.0,22620.66,STRONG_BUY
2025-01-30,56.39,51.46,22557.26,STRONG_BUY
2025-01-31,100.0,100.0,22124.0,STRONG_BUY
2025-02-03,93.9,100.0,22124.0,STRONG_BUY
2025-02-04,100.0,100.0,22047.78,STRONG_BUY
2025-02-05,48.8,100.0,22086.42,STRONG_BUY
2025-02-06,37.81,12.53,22091.58,BUY
2025-02-07,11.2,-20.86,22304.41,NEUTRAL
2025-02-10,-100.0,-100.0,23250.88,
2025-02-11,-100.0,-100.0,24022.29,
2025-02-12,-100.0,-100.0,23729.6,
2025-02-13,-44.6,-32.72,23324.46,STRONG_SELL
2025-02-14,12.13,-24.18,23098.8,NEUTRAL
2025-02-17,24.14,51.41,23000.45,BUY
2025-02-18,33.9,55.05,22985.5,BUY
2025-02-19,-34.0,-39.7,23098.58,SELL
2025-02-20,-27.39,-60.06,23007.27,SELL
2025-02-21,60.66,65.45,22774.94,STRONG_BUY
2025-02-24,80.91,100.0,22655.8,STRONG_BUY
2025-02-25,17.39,31.93,22686.29,NEUTRAL
2025-02-26,-49.18,-2.12,23222.04,STRONG_SELL
2025-02-27,-100.0,-100.0,23267.27,
2025-02-28,-100.0,-100.0,23519.0,
2025-03-03,-93.14,-77.94,23519.0,STRONG_SELL
2025-03-04,-87.09,-42.28,23534.49,STRONG_SELL
2025-03-05,-34.59,-10.79,23417.78,SELL
2025-03-06,-100.0,-100.0,24305.61,
2025-03-07,-100.0,-100.0,24032.5,
2025-03-10,-100.0,-100.0,24153.12,
2025-03-11,-86.68,-94.48,24204.69,STRONG_SELL
2025-03-12,-65.06,-87.91,23877.2,STRONG_SELL
2025-03-13,29.34,49.89,23567.05,BUY
2025-03-14,-24.26,-42.95,24010.82,SELL
2025-03-17,-56.89,-49.03,24084.82,STRONG_SELL
2025-03-18,96.98,62.61,23180.21,STRONG_BUY
2025-03-19,-18.04,-35.17,23924.29,NEUTRAL
2025-03-20,-40.5,-64.93,23968.3,STRONG_SELL
2025-03-21,-100.0,-100.0,24494.6,
2025-03-24,-18.04,-13.6,23909.55,NEUTRAL
2025-03-25,-73.12,-37.46,24202.8,STRONG_SELL
2025-03-26,-9.34,28.55,24103.72,NEUTRAL
2025-03-27,100.0,100.0,23029.1,STRONG_BUY
2025-03-28,42.31,59.68,23670.87,STRONG_BUY
2025-03-31,-20.13,-26.02,24039.0,SELL
2025-04-01,-55.07,-99.33,24039.0,STRONG_SELL
2025-04-02,-37.17,-40.87,24224.95,SELL
2025-04-03,-44.02,-58.39,24114.63,STRONG_SELL
2025-04-04,40.4,60.39,23754.21,STRONG_BUY
2025-04-07,7.98,-12.19,23798.48,NEUTRAL
2025-04-08,22.67,45.0,23972.46,BUY
2025-04-09,-1.67,2.62,24059.1,NEUTRAL
2025-04-10,-23.5,-57.13,23944.13,SELL
2025-04-11,25.04,33.09,23905.53,BUY
2025-04-14,6.77,-61.4,24034.67,NEUTRAL
2025-04-15,81.59,51.4,23638.78,STRONG_BUY
2025-04-16,100.0,100.0,22969.71,STRONG_BUY
2025-04-17,100.0,100.0,23152.84,STRONG_BUY
2025-04-18,71.85,30.81,23396.78,STRONG_BUY
2025-04-21,68.48,15.48,23310.32,STRONG_BUY
2025-04-22,100.0,77.16,23170.33,STRONG_BUY
2025-04-23,63.83,2.05,23327.55,STRONG_BUY
2025-04-24,-30.62,-30.47,23790.98,SELL
2025-04-25,-22.05,-3.76,23616.13,SELL
2025-04-28,-100.0,-100.0,24088.72,
2025-04-29,-100.0,-100.0,25179.82,
2025-04-30,-100.0,-100.0,24750.0,
2025-05-01,-100.0,-100.0,24750.0,
2025-05-02,-100.0,-100.0,24750.0,
2025-05-05,-100.0,-100.0,24750.0,
2025-05-06,-100.0,-100.0,24750.0,
2025-05-07,-61.98,-24.46,24750.0,STRONG_SELL
2025-05-08,-60.17,-43.51,24750.0,STRONG_SELL
2025-05-09,-46.78,-62.42,24750.0,STRONG_SELL
2025-05-12,-22.07,-30.4,24750.0,SELL
2025-05-13,-26.65,-17.07,24750.0,SELL
2025-05-14,10.91,40.5,24750.0,NEUTRAL
2025-05-15,34.33,29.22,24750.0,BUY
2025-05-16,17.87,17.56,24750.0,NEUTRAL
2025-05-19,86.02,79.27,24750.0,STRONG_BUY
2025-05-20,26.96,-9.33,24750.0,BUY
2025-05-21,22.53,-15.78,24750.0,BUY
2025-05-22,40.3,0.3,24750.0,STRONG_BUY
2025-05-23,10.0,-7.23,24750.0,NEUTRAL
