Date,Open,High,Low,Close,Volume
2015-01-01,8592.0,8747.47,8405.53,8561.0,337576901
2015-01-02,8574.52,8574.52,8421.06,8421.06,484448693
2015-01-05,8419.26,8435.04,8245.29,8261.07,725826519
2015-01-06,8304.33,8304.33,8090.73,8090.73,775316456
2015-01-07,8078.53,8251.44,8078.53,8251.44,982713464
2015-01-08,8266.03,8266.03,8078.97,8078.97,988809786
2015-01-09,8064.91,8249.34,8064.91,8249.34,672677949
2015-01-12,8271.11,8282.7,8205.4,8216.99,601203938
2015-01-13,8187.42,8244.05,8149.08,8205.71,227159305
2015-01-14,8231.84,8347.71,8231.84,8347.71,905372694
2015-01-15,8356.01,8544.73,8309.08,8497.8,781567883
2015-01-16,8529.52,8529.52,8313.27,8313.27,933912500
2015-01-19,8315.68,8457.34,8315.68,8457.34,818654093
2015-01-20,8404.55,8606.37,8337.96,8539.78,469576903
2015-01-21,8516.41,8573.43,8485.01,8542.03,256972546
2015-01-22,8510.35,8591.91,8510.35,8591.91,636714454
2015-01-23,8579.58,8748.7,8444.04,8613.15,367716265
2015-01-26,8639.39,8781.43,8453.32,8595.36,458820813
2015-01-27,8578.34,8730.93,8578.34,8730.93,971374488
2015-01-28,8683.22,8927.04,8613.71,8857.53,417152101
2015-01-29,8876.39,8880.9,8831.76,8836.26,362965132
2015-01-30,8820.09,8955.99,8766.1,8902.0,874508674
2015-02-02,8919.03,8947.78,8873.25,8902.0,365382096
2015-02-03,8885.86,8922.48,8822.59,8859.21,393235154
2015-02-04,8804.29,8903.6,8804.29,8903.6,241941122
2015-02-05,8918.85,9068.82,8624.95,8774.93,459874284
2015-02-06,8823.77,8993.81,8587.6,8757.64,287521941
2015-02-09,8722.62,8819.4,8649.67,8746.45,288713653
2015-02-10,8733.75,8870.59,8733.75,8870.59,907589540
2015-02-11,8887.1,8887.1,8674.7,8674.7,950049441
2015-02-12,8620.97,8636.71,8525.63,8541.38,705011023
2015-02-13,8549.89,8709.45,8400.73,8560.29,340793596
2015-02-16,8551.51,8572.33,8331.28,8352.09,613430534
2015-02-17,8359.96,8401.86,8295.89,8337.8,559412656
2015-02-18,8350.55,8431.67,8228.83,8309.96,659782378
2015-02-19,8287.19,8587.1,8081.33,8381.25,347470980
2015-02-20,8331.82,8416.28,8317.5,8401.96,444174338
2015-02-23,8349.02,8515.16,8349.02,8515.16,419631099
2015-02-24,8545.73,8652.2,8371.4,8477.87,877382795
2015-02-25,8492.92,8573.92,8484.87,8565.87,370222605
2015-02-26,8575.69,8575.69,8174.18,8174.18,1086349432
2015-02-27,8152.75,8492.0,8152.75,8492.0,852669593
2015-03-02,8448.9,8606.29,8334.61,8492.0,190326857
2015-03-03,8569.43,8574.23,8459.05,8463.85,264089549
2015-03-04,8431.11,8440.1,8340.99,8349.98,920498214
2015-03-05,8344.38,8352.45,8263.4,8271.47,518469518
2015-03-06,8287.28,8288.21,8031.73,8032.66,871948340
2015-03-09,7988.69,8149.59,7924.02,8084.92,481684674
2015-03-10,8090.46,8303.06,8026.84,8239.44,739060896
2015-03-11,8285.53,8446.46,8233.45,8394.37,837449708
2015-03-12,8434.15,8707.9,8181.39,8455.14,556245312
2015-03-13,8461.78,8461.78,8124.49,8124.49,810679926
2015-03-16,8181.95,8240.75,8031.24,8090.05,779298640
2015-03-17,8076.77,8375.17,8076.77,8375.17,2127285849
2015-03-18,8425.59,8707.64,8075.69,8357.74,233852458
2015-03-19,8343.61,8453.55,8338.45,8448.39,560910728
2015-03-20,8460.61,8460.61,8314.67,8314.67,1224127105
2015-03-23,8337.6,8337.6,8190.33,8190.33,296808596
2015-03-24,8160.75,8206.58,8056.42,8102.25,345581785
2015-03-25,8090.65,8101.72,8017.57,8028.64,748120784
2015-03-26,8029.69,8118.9,7803.85,7893.06,597598409
2015-03-27,7926.96,8049.26,7906.15,8028.44,898723076
2015-03-30,8023.13,8197.23,7968.12,8142.22,490496007
2015-03-31,8150.68,8187.3,8144.37,8181.0,335331799
2015-04-01,8158.08,8343.45,7995.62,8181.0,118613936
2015-04-02,8143.77,8365.61,7998.96,8220.81,329250944
2015-04-03,8260.39,8260.39,8070.73,8070.73,733526400
2015-04-06,8020.01,8252.73,7861.65,8094.37,835378608
2015-04-07,8056.34,8191.29,7984.12,8119.06,749850812
2015-04-08,8078.31,8097.32,8024.48,8043.48,452687564
2015-04-09,8103.04,8131.78,8083.21,8111.94,338007988
2015-04-10,8138.95,8138.95,7970.3,7970.3,881266515
2015-04-13,7965.73,8077.35,7846.47,7958.1,184655687
2015-04-14,7949.02,8009.48,7949.02,8009.48,491891758
2015-04-15,8025.66,8052.58,7980.01,8006.93,432312571
2015-04-16,8018.99,8114.88,7964.12,8060.01,462488012
2015-04-17,8035.1,8368.94,7841.52,8175.37,739487963
2015-04-20,8273.92,8273.92,8193.5,8193.5,780604201
2015-04-21,8207.04,8257.6,8165.45,8216.01,259212859
2015-04-22,8225.2,8428.24,8225.2,8428.24,606771800
2015-04-23,8437.73,8552.9,8346.57,8461.75,464985690
2015-04-24,8495.37,8504.41,8422.28,8431.32,448770697
2015-04-27,8414.29,8605.05,8180.33,8371.09,519455050
2015-04-28,8360.61,8532.46,8198.76,8370.6,270109974
2015-04-29,8376.07,8529.65,8290.05,8443.63,913568188
2015-04-30,8435.06,8519.84,8349.22,8434.0,805731735
2015-05-01,8455.05,8564.27,8324.78,8434.0,559875392
2015-05-04,8449.86,8509.25,8360.8,8420.19,648560853
2015-05-05,8450.05,8566.53,8165.7,8282.18,632445708
2015-05-06,8257.44,8311.9,8249.05,8303.52,515922779
2015-05-07,8331.35,8396.11,8186.05,8250.82,413691397
2015-05-08,8277.36,8308.19,8086.53,8117.37,1463164948
2015-05-11,8062.71,8113.13,8061.91,8112.33,288390764
2015-05-12,8094.32,8418.89,7643.03,7967.6,1374015434
2015-05-13,7943.75,8044.65,7849.33,7950.23,224709014
2015-05-14,7908.8,8004.02,7847.75,7942.97,232342072
2015-05-15,7920.78,8417.13,7504.2,8000.55,744310428
2015-05-18,7922.02,8133.01,7922.02,8133.01,801153474
2015-05-19,8147.43,8266.07,7887.97,8006.62,1316128807
2015-05-20,7986.35,8213.01,7913.99,8140.65,904454880
2015-05-21,8192.12,8255.52,8127.22,8190.62,509861574
2015-05-22,8170.59,8420.5,8170.59,8420.5,1389885711
2015-05-25,8428.9,8428.9,8321.6,8321.6,646793411
2015-05-26,8290.82,8379.33,8253.43,8341.94,324109267
2015-05-27,8355.64,8597.51,8355.64,8597.51,1594689912
2015-05-28,8592.91,8798.06,8339.77,8544.93,796541089
2015-05-29,8514.83,8575.93,8307.91,8369.0,532352400
2015-06-01,8415.95,8415.95,8369.0,8369.0,147508497
2015-06-02,8311.6,8584.71,8154.69,8427.81,337062079
2015-06-03,8446.73,8482.22,8431.53,8467.02,448273230
2015-06-04,8383.23,8441.23,8357.44,8415.44,449458401
2015-06-05,8432.0,8493.2,8380.73,8441.93,479583377
2015-06-08,8469.42,8601.25,8258.37,8390.2,483011333
2015-06-09,8364.87,8381.07,8333.05,8349.24,379669015
2015-06-10,8378.59,8584.57,8173.81,8379.79,320781748
2015-06-11,8370.25,8613.95,8199.58,8443.28,455421443
2015-06-12,8371.2,8419.88,8352.54,8401.22,244436021
2015-06-15,8317.24,8525.77,8317.24,8525.77,506801218
2015-06-16,8515.37,8707.86,8394.71,8587.2,506235475
2015-06-17,8636.04,8844.2,8408.52,8616.68,359530225
2015-06-18,8613.06,8617.71,8503.16,8507.81,1052510369
2015-06-19,8477.29,8768.52,8348.57,8639.8,538096118
2015-06-22,8606.93,8741.06,8507.03,8641.16,246193197
2015-06-23,8704.85,8704.85,8623.94,8623.94,191089886
2015-06-24,8585.5,8786.27,8585.5,8786.27,928103041
2015-06-25,8717.36,9146.91,8340.85,8770.4,474427373
2015-06-26,8750.34,8818.13,8742.18,8809.97,259252300
2015-06-29,8826.12,8846.72,8498.64,8519.24,1073012170
2015-06-30,8532.45,8687.46,8377.99,8533.0,3020349810
2015-07-01,8572.34,8574.6,8530.74,8533.0,199641885
2015-07-02,8532.05,8619.34,8403.6,8490.88,464139295
2015-07-03,8433.07,8606.02,8376.56,8549.51,200707118
2015-07-06,8532.71,8589.53,8412.42,8469.24,468369985
2015-07-07,8509.36,8569.64,8485.52,8545.8,350681746
2015-07-08,8530.9,8560.15,8510.99,8540.23,265083836
2015-07-09,8562.88,8830.05,8562.88,8830.05,1006304741
2015-07-10,8786.86,8863.39,8766.49,8843.02,319185783
2015-07-13,8851.47,9016.97,8744.55,8910.05,847006629
2015-07-14,8932.22,8951.72,8877.01,8896.52,312563136
2015-07-15,8866.81,8941.21,8771.73,8846.12,509009451
2015-07-16,8871.34,8927.11,8676.92,8732.69,953067287
2015-07-17,8721.98,8725.79,8669.42,8673.23,549969592
2015-07-20,8707.99,8719.39,8614.34,8625.75,203583531
2015-07-21,8552.19,8633.14,8552.19,8633.14,166289232
2015-07-22,8666.24,8666.24,8459.35,8459.35,608700947
2015-07-23,8351.93,8351.93,8090.95,8090.95,1162031563
2015-07-24,8107.07,8212.41,8102.82,8208.16,351388391
2015-07-27,8211.66,8296.46,8087.82,8172.62,380133756
2015-07-28,8184.69,8184.69,8040.56,8040.56,922325530
2015-07-29,8071.48,8097.74,7992.09,8018.35,675935696
2015-07-30,7987.86,8100.73,7834.72,7947.59,873189140
2015-07-31,7995.38,8028.31,7938.07,7971.0,451112499
2015-08-03,8010.19,8032.96,7948.24,7971.0,107456431
2015-08-04,7913.42,8226.75,7913.42,8226.75,794547745
2015-08-05,8220.43,8272.17,8102.11,8153.85,463305642
2015-08-06,8160.95,8160.95,7956.96,7956.96,613998048
2015-08-07,7979.55,7979.55,7822.9,7822.9,844851133
2015-08-10,7832.83,7966.08,7718.71,7851.96,850721257
2015-08-11,7841.63,8091.63,7597.07,7847.07,219189171
2015-08-12,7805.24,8014.61,7665.41,7874.79,260844640
2015-08-13,7886.07,7927.96,7758.29,7800.19,539786514
2015-08-14,7830.27,7924.24,7817.44,7911.42,873968168
2015-08-17,7889.29,7957.55,7889.29,7957.55,538000827
2015-08-18,7908.19,8049.15,7908.19,8049.15,563705190
2015-08-19,8018.13,8129.46,7959.93,8071.26,379479732
2015-08-20,8117.46,8246.15,7963.69,8092.38,573789691
2015-08-21,8104.98,8115.68,7964.17,7974.87,252641315
2015-08-24,7964.83,8334.61,7584.23,7954.01,226938106
2015-08-25,8022.06,8022.06,7904.33,7904.33,277222994
2015-08-26,7912.3,7956.73,7783.07,7827.5,1019833527
2015-08-27,7835.85,8168.82,7463.66,7796.64,794218560
2015-08-28,7782.48,8053.23,7782.48,8053.23,581891295
2015-08-31,8038.62,8038.62,7948.0,7948.0,959197474
2015-09-01,7966.32,8118.61,7795.71,7948.0,185131499
2015-09-02,7899.53,8051.27,7829.55,7981.29,465378964
2015-09-03,7937.44,8225.66,7658.16,7946.38,525018248
2015-09-04,7995.78,8018.23,7981.35,8003.8,392585405
2015-09-07,8013.02,8027.36,7988.95,8003.28,219856802
2015-09-08,7984.99,8025.74,7973.38,8014.13,267520833
2015-09-09,7978.41,8098.51,7680.79,7800.9,375262707
2015-09-10,7886.09,7914.78,7811.79,7840.48,350640061
2015-09-11,7830.05,7964.53,7772.75,7907.23,447376568
2015-09-14,7869.52,8042.78,7780.01,7953.27,544451509
2015-09-15,7902.36,7902.36,7853.89,7853.89,805223377
2015-09-16,7849.11,7928.16,7743.25,7822.29,492935437
2015-09-17,7827.8,8079.45,7509.04,7760.69,416331678
2015-09-18,7754.9,7835.77,7706.57,7787.44,720921547
2015-09-21,7807.03,7842.67,7750.38,7786.02,323572969
2015-09-22,7791.94,7927.1,7791.94,7927.1,1217337205
2015-09-23,7869.65,8060.11,7869.65,8060.11,710065196
2015-09-24,8048.29,8218.02,7943.72,8113.44,437921851
2015-09-25,8057.29,8151.83,8054.17,8148.71,477055975
2015-09-28,8059.19,8108.34,7853.01,7902.16,1482807291
2015-09-29,7878.0,8027.94,7802.1,7952.05,262512018
2015-09-30,7963.95,8065.0,7963.95,8065.0,1853503798
2015-10-01,8049.15,8085.27,8028.88,8065.0,236247530
2015-10-02,8056.51,8138.82,7993.39,8075.7,460492469
2015-10-05,8048.63,8691.21,7434.54,8077.11,112494267
2015-10-06,8045.45,8184.29,8045.45,8184.29,576363738
2015-10-07,8175.7,8325.69,8109.44,8259.43,343622321
2015-10-08,8296.55,8312.25,8233.87,8249.58,210638028
2015-10-09,8269.32,8559.7,8269.32,8559.7,1139313592
2015-10-12,8559.2,8667.69,8559.2,8667.69,804751284
2015-10-13,8667.24,8741.96,8493.66,8568.38,534337840
2015-10-14,8510.99,8653.16,8490.32,8632.48,624777262
2015-10-15,8594.68,8715.49,8360.09,8480.9,715144752
2015-10-16,8398.04,8447.97,8383.5,8433.43,234532970
2015-10-19,8486.22,8488.82,8351.28,8353.89,590929486
2015-10-20,8313.09,8347.28,8242.05,8276.24,334954089
2015-10-21,8278.31,8410.23,8253.64,8385.57,776079188
2015-10-22,8395.56,8439.66,8288.02,8332.12,476367257
2015-10-23,8360.92,8360.92,8231.27,8231.27,313045639
2015-10-26,8266.59,8340.38,8135.65,8209.44,561950387
2015-10-27,8144.04,8449.43,7984.88,8290.27,557853841
2015-10-28,8354.11,8354.11,8099.3,8099.3,1093327108
2015-10-29,8068.31,8285.07,7592.65,7809.41,1238669588
2015-10-30,7775.45,8035.32,7675.14,7935.0,973623151
2015-11-02,7937.84,7979.64,7893.2,7935.0,224149405
2015-11-03,7992.17,8201.79,7635.75,7845.37,1152236425
2015-11-04,7853.95,7925.92,7825.39,7897.36,776987096
2015-11-05,7904.22,8025.34,7904.22,8025.34,452224340
2015-11-06,8027.42,8046.04,7980.71,7999.34,216692677
2015-11-09,7996.61,7996.61,7937.7,7937.7,989779109
2015-11-10,7938.09,7964.37,7897.63,7923.91,359511616
2015-11-11,7917.02,8049.82,7765.61,7898.41,236268506
2015-11-12,7873.17,7913.95,7850.3,7891.08,184528201
2015-11-13,7904.31,7904.31,7794.08,7794.08,295270084
2015-11-16,7827.32,7965.67,7827.32,7965.67,1297499630
2015-11-17,7967.0,7998.77,7929.34,7961.11,210361017
2015-11-18,7972.86,8283.8,7662.94,7973.87,374608297
2015-11-19,8011.44,8011.44,7858.92,7858.92,625674248
2015-11-20,7848.18,7990.55,7724.81,7867.18,335357526
2015-11-23,7847.71,7886.84,7847.71,7886.84,382013681
2015-11-24,7865.62,8014.46,7650.23,7799.07,648566116
2015-11-25,7807.23,7933.84,7794.17,7920.78,763970801
2015-11-26,7904.45,8021.92,7753.93,7871.4,788282183
2015-11-27,7882.13,8583.29,7321.46,8022.62,488484712
2015-11-30,7958.64,8235.25,7669.38,7946.0,577594976
2015-12-01,7934.57,7986.74,7893.83,7946.0,599930424
2015-12-02,8005.69,8005.69,7874.34,7874.34,497943678
2015-12-03,7886.67,7928.59,7719.39,7761.31,2346724733
2015-12-04,7737.8,7985.73,7737.8,7985.73,1510709318
2015-12-07,7968.98,8193.34,7599.04,7823.4,1174994660
2015-12-08,7832.74,7889.8,7827.03,7884.09,484758817
2015-12-09,7898.44,7933.32,7822.49,7857.36,169941465
2015-12-10,7808.82,7865.35,7793.85,7850.38,296248386
2015-12-11,7827.06,7858.34,7561.09,7592.37,1608710615
2015-12-14,7579.14,7644.12,7561.81,7626.8,315197418
2015-12-15,7635.91,7734.17,7551.34,7649.6,239265632
2015-12-16,7651.66,7790.59,7492.54,7631.47,160485223
2015-12-17,7631.07,7652.7,7521.69,7543.33,534360561
2015-12-18,7542.43,7638.2,7351.16,7446.93,674456126
2015-12-21,7412.05,7490.73,7336.87,7415.54,438277448
2015-12-22,7401.84,7454.5,7325.39,7378.06,151647294
2015-12-23,7351.73,7454.5,7307.34,7410.11,314679832
2015-12-24,7411.33,7445.56,7354.81,7389.04,312884686
2015-12-25,7367.64,7425.24,7351.85,7409.44,249383989
2015-12-28,7360.7,7411.24,7297.27,7347.81,582466868
2015-12-29,7343.17,7472.14,7231.43,7360.4,612996317
2015-12-30,7425.36,7548.9,7315.11,7438.64,508502334
2015-12-31,7440.87,7563.0,7440.87,7563.0,224120255
2016-01-01,7534.91,7594.05,7503.86,7563.0,293676830
2016-01-04,7557.62,7704.95,7357.66,7504.99,1021858545
2016-01-05,7518.29,7518.29,7430.44,7430.44,493035819
2016-01-06,7430.63,7430.63,7295.04,7295.04,910256012
2016-01-07,7346.52,7427.74,7182.05,7263.27,446083524
2016-01-08,7227.46,7230.13,7110.87,7113.54,796142688
2016-01-11,7139.93,7253.15,7139.93,7253.15,857792557
2016-01-12,7268.4,7297.47,7175.7,7204.77,735382359
2016-01-13,7193.79,7259.39,7162.12,7227.72,415338212
2016-01-14,7174.36,7315.54,7052.51,7193.69,483294497
2016-01-15,7157.87,7212.6,7037.86,7092.58,488945697
2016-01-18,7077.87,7077.87,7020.11,7020.11,1345356048
2016-01-19,7032.38,7153.94,7032.38,7153.94,1477345421
2016-01-20,7123.22,7288.72,7029.06,7194.56,409661293
2016-01-21,7152.5,7156.67,7123.45,7127.63,473387264
2016-01-22,7155.85,7155.85,6840.54,6840.54,1373813511
2016-01-25,6837.43,6866.89,6805.62,6835.08,328953138
2016-01-26,6805.81,6995.75,6565.88,6755.82,385645461
2016-01-27,6743.89,6897.08,6742.66,6895.85,463212985
2016-01-28,6902.63,6984.07,6830.37,6911.81,456889720
2016-01-29,6930.52,7138.43,6779.09,6987.0,336631567
2016-02-01,6990.91,7118.79,6859.13,6987.0,389276876
2016-02-02,6965.17,6968.16,6882.64,6885.63,560967839
2016-02-03,6885.72,6885.72,6823.88,6823.88,590700239
2016-02-04,6812.92,6849.12,6708.32,6744.52,792784270
2016-02-05,6708.85,6848.34,6708.85,6848.34,1209696507
2016-02-08,6799.79,6976.55,6768.6,6945.37,426513497
2016-02-09,6946.92,7098.89,6946.92,7098.89,763283046
2016-02-10,7117.73,7117.73,7001.65,7001.65,733889832
2016-02-11,7013.94,7213.51,6945.32,7144.9,1035756810
2016-02-12,7133.75,7284.37,6979.23,7129.86,140089931
2016-02-15,7129.72,7130.36,7061.7,7062.34,803345628
2016-02-16,7068.47,7151.17,6964.5,7047.19,275181862
2016-02-17,7031.25,7223.21,7031.25,7223.21,924536358
2016-02-18,7205.95,7395.59,7101.28,7290.92,723171662
2016-02-19,7261.1,7402.75,7242.6,7384.25,904366895
2016-02-22,7387.47,7409.86,7366.13,7388.51,217530371
2016-02-23,7371.49,7471.41,7371.49,7471.41,710278985
2016-02-24,7485.41,7650.45,7430.06,7595.1,431640226
2016-02-25,7598.67,7681.96,7550.61,7633.9,1098949150
2016-02-26,7682.04,7782.04,7632.59,7732.6,653913179
2016-02-29,7736.52,7822.25,7652.27,7738.0,379556052
2016-03-01,7781.72,7811.83,7707.89,7738.0,861326762
2016-03-02,7785.58,7836.68,7694.84,7745.95,338262529
2016-03-03,7760.3,7806.99,7677.43,7724.11,362675269
2016-03-04,7710.6,7905.85,7456.18,7651.42,301379469
2016-03-07,7672.83,7871.4,7497.82,7696.39,387812001
2016-03-08,7696.67,7757.04,7656.19,7716.56,478872300
2016-03-09,7694.87,7923.88,7694.87,7923.88,1589367170
2016-03-10,7940.67,7940.67,7829.72,7829.72,874715135
2016-03-11,7867.62,7940.8,7841.51,7914.69,718775772
2016-03-14,7932.31,7978.22,7916.73,7962.65,282349042
2016-03-15,7916.4,7940.96,7837.59,7862.14,445450333
2016-03-16,7890.44,8001.81,7785.05,7896.41,713808842
2016-03-17,7857.44,8178.47,7659.55,7980.58,506125414
2016-03-18,7983.28,8016.78,7977.91,8011.41,599289419
2016-03-21,8023.49,8028.06,7972.35,7976.92,264505750
2016-03-22,7977.03,7977.03,7834.75,7834.75,555795357
2016-03-23,7828.57,7970.88,7656.81,7799.12,358282418
2016-03-24,7795.83,7889.11,7583.38,7676.66,629313987
2016-03-25,7647.26,8083.38,7252.5,7688.63,288685535
2016-03-28,7734.14,7946.48,7613.07,7825.42,693760679
2016-03-29,7827.49,8085.78,7823.24,8081.53,1138871691
2016-03-30,8081.66,8082.97,7913.76,7915.07,1639111149
2016-03-31,7847.21,8047.84,7649.37,7850.0,601904964
2016-04-01,7850.05,7921.72,7778.33,7850.0,504703451
2016-04-04,7802.33,8024.85,7757.77,7980.29,441869177
2016-04-05,7971.59,8251.18,7747.97,8027.56,237714746
2016-04-06,7997.96,8114.04,7934.25,8050.34,946230955
2016-04-07,8036.14,8333.31,7881.17,8178.34,598737513
2016-04-08,8111.49,8212.2,8099.89,8200.6,335031316
2016-04-11,8197.62,8334.98,8110.67,8248.03,227127912
2016-04-12,8253.28,8365.16,8252.56,8364.44,748418364
2016-04-13,8317.13,8615.56,8317.13,8615.56,1482782764
2016-04-14,8638.92,8875.42,8243.91,8480.42,690430345
2016-04-15,8468.93,8503.13,8373.49,8407.68,584731806
2016-04-18,8402.6,8450.5,8321.08,8368.97,739368311
2016-04-19,8359.77,8390.12,8267.07,8297.41,681087165
2016-04-20,8367.09,8367.09,8262.48,8262.48,238817506
2016-04-21,8315.04,8363.58,8040.81,8089.35,545967636
2016-04-22,8072.5,8072.5,7866.61,7866.61,1194895792
2016-04-25,7844.69,7965.82,7837.54,7958.68,446117158
2016-04-26,7928.7,7994.37,7880.38,7946.06,800794338
2016-04-27,7976.24,8025.02,7900.62,7949.4,239291181
2016-04-28,7925.1,8375.12,7642.36,8092.38,258306782
2016-04-29,8029.62,8161.0,8029.62,8161.0,135348511
2016-05-02,8141.79,8241.01,8061.78,8161.0,178695319
2016-05-03,8164.02,8192.34,8097.48,8125.79,447967475
2016-05-04,8126.72,8179.45,7927.96,7980.69,943646493
2016-05-05,8033.74,8043.55,7951.63,7961.43,571952410
2016-05-06,8018.85,8059.64,7804.34,7845.13,537558544
2016-05-09,7847.41,7857.28,7785.12,7794.99,379624936
2016-05-10,7789.26,7903.24,7675.39,7789.37,160149808
2016-05-11,7839.98,7941.11,7682.77,7783.9,216937979
2016-05-12,7759.71,7912.46,7578.35,7731.09,356195091
2016-05-13,7729.81,7941.69,7729.81,7941.69,1970794417
2016-05-16,7975.69,7993.16,7894.32,7911.79,393669247
2016-05-17,7896.64,8127.11,7896.64,8127.11,962782068
2016-05-18,8098.0,8223.8,8098.0,8223.8,767881771
2016-05-19,8244.71,8244.71,8163.2,8163.2,875426816
2016-05-20,8150.09,8384.0,8016.95,8250.86,649283455
2016-05-23,8251.69,8276.62,8108.47,8133.4,515197885
2016-05-24,8146.07,8389.35,8146.07,8389.35,999055319
2016-05-25,8311.35,8471.77,8205.02,8365.45,158432407
2016-05-26,8367.62,8451.18,8187.45,8271.02,637598449
2016-05-27,8270.2,8339.76,8253.31,8322.87,988226547
2016-05-30,8328.92,8446.46,8116.21,8233.75,471045743
2016-05-31,8158.65,8582.34,7864.31,8288.0,352987408
2016-06-01,8189.37,8303.77,8173.61,8288.0,243661566
2016-06-02,8316.56,8370.22,8286.44,8340.1,338800340
2016-06-03,8360.3,8422.83,8331.03,8393.56,931875595
2016-06-06,8407.08,8417.45,8373.71,8384.08,170891314
2016-06-07,8356.77,8413.08,8140.33,8196.64,696150807
2016-06-08,8141.77,8266.57,8134.32,8259.13,524435230
2016-06-09,8269.49,8269.49,8055.2,8055.2,494519336
2016-06-10,8080.8,8141.73,8014.6,8075.53,163209911
2016-06-13,8105.85,8116.89,8057.2,8068.24,338259602
2016-06-14,8132.51,8315.58,8132.51,8315.58,1289949697
2016-06-15,8412.14,8504.58,8322.34,8414.78,541696834
2016-06-16,8430.2,8469.68,8319.07,8358.54,542720228
2016-06-17,8321.58,8606.32,8104.73,8389.48,948704477
2016-06-20,8363.16,8489.14,8363.16,8489.14,849270791
2016-06-21,8479.94,8760.29,8153.76,8434.11,563550693
2016-06-22,8446.85,8861.06,8102.18,8516.4,1147507287
2016-06-23,8502.68,8523.1,8431.84,8452.26,389967887
2016-06-24,8443.07,8711.62,8301.37,8569.93,551520970
2016-06-27,8506.3,8756.73,8506.3,8756.73,1191190087
2016-06-28,8770.87,8770.87,8702.17,8702.17,282505865
2016-06-29,8748.6,8940.86,8748.6,8940.86,1449564789
2016-06-30,8972.61,9014.38,8596.24,8638.0,1380551418
2016-07-01,8684.21,8775.2,8547.01,8638.0,181301693
2016-07-04,8604.11,8797.8,8503.28,8696.97,349970715
2016-07-05,8676.76,8852.0,8676.76,8852.0,892671173
2016-07-06,8922.62,8922.62,8760.97,8760.97,700292648
2016-07-07,8782.57,8882.44,8771.49,8871.36,345582767
2016-07-08,8859.05,8915.76,8797.42,8854.13,304894872
2016-07-11,8832.11,8987.95,8832.11,8987.95,887528585
2016-07-12,9013.04,9170.64,8960.36,9117.96,653200026
2016-07-13,9101.6,9193.86,9047.55,9139.81,835811064
2016-07-14,9189.18,9415.61,9189.18,9415.61,1827385939
2016-07-15,9505.52,9505.52,9349.27,9349.27,692263826
2016-07-18,9350.39,9396.61,9276.82,9323.04,324018578
2016-07-19,9338.64,9586.73,9316.78,9564.87,1663153511
2016-07-20,9527.53,9650.61,9262.66,9385.75,1076782179
2016-07-21,9412.07,9412.07,9126.91,9126.91,1362511812
2016-07-22,9090.59,9411.99,8737.74,9059.14,335543349
2016-07-25,9068.33,9238.55,8775.18,8945.4,590317078
2016-07-26,8832.15,9047.61,8832.15,9047.61,350376080
2016-07-27,9021.85,9205.46,8999.92,9183.53,773821976
2016-07-28,9240.13,9362.3,8788.31,8910.48,1009338746
2016-07-29,8999.25,8999.25,8786.0,8786.0,847784648
2016-08-01,8822.24,8996.4,8611.85,8786.0,209546397
2016-08-02,8803.3,8907.67,8777.05,8881.42,835205465
2016-08-03,8832.48,8921.97,8790.47,8879.96,164996903
2016-08-04,8812.72,8904.68,8812.72,8904.68,368472985
2016-08-05,8904.17,8904.17,8756.67,8756.67,290799900
2016-08-08,8750.56,9131.32,8432.84,8813.6,1039372003
2016-08-09,8798.85,9032.51,8712.7,8946.36,1327402475
2016-08-10,8967.95,9032.03,8967.95,9032.03,554000955
2016-08-11,9062.12,9276.42,8855.96,9070.27,282457690
2016-08-12,9016.92,9067.32,8959.57,9009.96,518209914
2016-08-15,8986.17,9059.74,8986.17,9059.74,420220379
2016-08-16,9018.15,9146.27,8864.99,8993.1,410617343
2016-08-17,9005.54,9175.61,8770.68,8940.75,273118701
2016-08-18,8895.5,9030.51,8720.86,8855.87,422111418
2016-08-19,8906.14,8911.39,8778.83,8784.09,562391369
2016-08-22,8802.86,8825.32,8735.7,8758.16,153797062
2016-08-23,8833.1,9016.98,8748.77,8932.65,839054635
2016-08-24,8953.62,9015.85,8930.42,8992.65,651060883
2016-08-25,8927.85,9072.79,8927.85,9072.79,556922605
2016-08-26,9123.78,9123.78,8891.71,8891.71,711523985
2016-08-29,8843.41,8988.46,8701.68,8846.72,137368936
2016-08-30,8839.58,8866.46,8441.91,8468.79,1199559583
2016-08-31,8512.27,8626.68,8496.58,8611.0,739646168
2016-09-01,8641.98,8771.1,8481.88,8611.0,307837411
2016-09-02,8661.31,8683.57,8582.32,8604.58,272453164
2016-09-05,8574.97,8595.1,8502.55,8522.67,660832106
2016-09-06,8465.46,8579.39,8455.04,8568.97,315593815
2016-09-07,8555.56,8990.03,8294.17,8728.65,439891654
2016-09-08,8701.41,8838.36,8622.55,8759.51,506881052
2016-09-09,8754.04,8813.5,8715.19,8774.66,277982926
2016-09-12,8743.97,8811.92,8699.38,8767.34,190780631
2016-09-13,8743.5,8806.24,8673.15,8735.89,234802486
2016-09-14,8763.2,8842.39,8714.94,8794.13,240498781
2016-09-15,8785.84,8938.4,8785.84,8938.4,808705903
2016-09-16,8882.74,9029.53,8738.37,8885.16,263263039
2016-09-19,8924.32,8924.32,8800.41,8800.41,218830379
2016-09-20,8845.26,8933.51,8845.26,8933.51,632546781
2016-09-21,8906.61,8940.1,8862.32,8895.82,372348667
2016-09-22,8806.49,8884.8,8645.2,8723.51,1153915232
2016-09-23,8706.49,8784.02,8580.81,8658.34,273403821
2016-09-26,8651.89,8803.88,8538.2,8690.19,280824760
2016-09-27,8707.04,8820.17,8492.19,8605.32,610079001
2016-09-28,8603.3,8690.58,8470.44,8557.73,668580099
2016-09-29,8505.61,8698.59,8401.61,8594.59,346275270
2016-09-30,8613.3,8687.24,8551.05,8625.0,643689413
2016-10-03,8646.33,8663.45,8607.88,8625.0,285263294
2016-10-04,8668.43,8668.6,8551.55,8551.72,543340745
2016-10-05,8465.84,8532.34,8335.0,8401.5,1404440313
2016-10-06,8440.29,8440.29,8322.48,8322.48,323568002
2016-10-07,8327.68,8456.04,8275.34,8403.69,530297889
2016-10-10,8442.73,8526.2,8348.52,8431.99,181583961
2016-10-11,8432.29,8593.28,8403.75,8564.75,634550487
2016-10-12,8583.21,8876.86,8583.21,8876.86,462927795
2016-10-13,8820.12,8820.12,8566.35,8566.35,1237138239
2016-10-14,8609.27,8831.92,8190.44,8413.09,700155999
2016-10-17,8394.83,8873.05,8029.29,8507.51,951388551
2016-10-18,8493.46,8572.6,8321.54,8400.69,555279998
2016-10-19,8414.67,8414.67,8334.46,8334.46,240870107
2016-10-20,8339.05,8389.7,8228.19,8278.83,1182340783
2016-10-21,8275.19,8443.12,8153.55,8321.49,850683214
2016-10-24,8296.67,8551.59,8018.13,8273.04,473194512
2016-10-25,8283.03,8963.27,7631.49,8311.72,303956018
2016-10-26,8254.82,8385.99,8195.6,8326.77,345452023
2016-10-27,8318.66,8444.71,8258.3,8384.34,241189469
2016-10-28,8397.43,8397.43,8264.31,8264.31,491425973
2016-10-31,8211.18,8239.26,8195.92,8224.0,378688275
2016-11-01,8230.29,8379.26,8075.03,8224.0,169892454
2016-11-02,8207.59,8291.17,8207.59,8291.17,1273767442
2016-11-03,8298.4,8339.28,8240.24,8281.12,198523901
2016-11-04,8286.14,8426.76,8131.84,8272.46,121254307
2016-11-07,8339.89,8339.89,8187.7,8187.7,458159179
2016-11-08,8223.65,8265.12,8016.74,8058.21,652582487
2016-11-09,7979.66,8175.25,7617.42,7813.01,1405906288
2016-11-10,7779.12,7909.13,7779.12,7909.13,630833551
2016-11-11,7891.23,7929.18,7779.16,7817.11,746800895
2016-11-14,7852.18,7852.18,7574.87,7574.87,630650273
2016-11-15,7637.27,7637.27,7581.78,7581.78,476951750
2016-11-16,7551.23,7628.81,7551.23,7628.81,357414441
2016-11-17,7630.04,7927.78,7630.04,7927.78,1239221471
2016-11-18,7920.5,8095.13,7837.84,8012.47,313326315
2016-11-21,8043.86,8203.45,7888.66,8048.24,229358337
2016-11-22,8019.98,8072.67,7999.58,8052.28,306449158
2016-11-23,8103.24,8219.72,8061.01,8177.49,836978434
2016-11-24,8201.0,8254.77,8169.44,8223.2,312303814
2016-11-25,8234.25,8234.25,8112.68,8112.68,520639907
2016-11-28,8085.76,8200.59,8085.76,8200.59,438599481
2016-11-29,8180.72,8262.77,7985.78,8067.83,1096997959
2016-11-30,8126.92,8225.56,8086.37,8185.0,2638048038
2016-12-01,8174.1,8251.48,8107.62,8185.0,233746179
2016-12-02,8139.58,8300.24,8134.54,8295.19,1245896948
2016-12-05,8305.74,8483.3,8140.32,8317.88,205042244
2016-12-06,8277.92,8398.06,8204.24,8324.38,539249462
2016-12-07,8327.78,8341.03,8299.1,8312.34,119943950
2016-12-08,8336.83,8872.11,7814.79,8350.07,647201415
2016-12-09,8293.13,8429.66,8205.99,8342.52,342581391
2016-12-12,8283.26,8370.84,8222.61,8310.19,380327767
2016-12-13,8299.48,8442.47,8279.04,8422.02,300090518
2016-12-14,8410.21,8434.77,8383.92,8408.48,303568548
2016-12-15,8392.52,8463.11,8206.69,8277.27,680298189
2016-12-16,8266.48,8521.95,8266.48,8521.95,884242279
2016-12-19,8451.83,8762.6,8334.5,8645.27,793470366
2016-12-20,8646.74,8718.54,8564.87,8636.67,449390991
2016-12-21,8636.41,8766.71,8583.97,8714.27,550069798
2016-12-22,8739.07,8936.97,8514.43,8712.33,415079250
2016-12-23,8702.6,8885.33,8528.09,8710.83,122449009
2016-12-26,8756.42,8756.42,8526.55,8526.55,1085839315
2016-12-27,8551.16,8585.54,8223.69,8258.07,1575242243
2016-12-28,8227.08,8456.04,7896.2,8125.17,643240902
2016-12-29,8127.17,8559.51,8069.14,8501.48,936193425
2016-12-30,8522.55,8699.79,8385.76,8563.0,547531431
2017-01-02,8521.98,9140.05,7944.93,8563.0,240079365
2017-01-03,8539.47,8655.06,8515.41,8631.0,533998862
2017-01-04,8655.85,8694.35,8617.72,8656.22,430863925
2017-01-05,8649.97,8841.61,8570.16,8761.81,906332404
2017-01-06,8709.38,8754.41,8683.36,8728.39,493822271
2017-01-09,8781.2,8867.19,8629.83,8715.82,478515872
2017-01-10,8721.69,8793.35,8565.37,8637.02,475948209
2017-01-11,8623.3,8720.24,8589.07,8686.0,470126115
2017-01-12,8665.1,8692.47,8614.2,8641.57,323631476
2017-01-13,8602.17,8670.19,8550.11,8618.13,168933272
2017-01-16,8684.91,8784.81,8641.24,8741.14,1150515449
2017-01-17,8768.28,8885.78,8632.32,8749.82,540379771
2017-01-18,8753.62,8814.04,8695.44,8755.85,133490237
2017-01-19,8715.96,8825.82,8652.92,8762.77,325647604
2017-01-20,8783.15,9288.24,8145.52,8650.61,929259187
2017-01-23,8608.48,8850.89,8483.01,8725.41,213228987
2017-01-24,8703.67,8729.72,8680.1,8706.14,181648272
2017-01-25,8689.36,8832.6,8654.7,8797.95,360447227
2017-01-26,8838.32,9082.55,8653.7,8897.92,732371195
2017-01-27,8921.52,8963.31,8920.45,8962.24,294349742
2017-01-30,8967.9,8986.76,8942.35,8961.21,234495694
2017-01-31,8931.25,9187.91,8622.34,8879.0,900293938
2017-02-01,8921.94,9121.39,8679.55,8879.0,273896079
2017-02-02,8856.82,8865.81,8681.8,8690.79,559316761
2017-02-03,8718.06,8718.06,8525.51,8525.51,393180473
2017-02-06,8493.99,8593.71,8448.92,8548.64,588589427
2017-02-07,8607.39,8659.9,8562.52,8615.04,475936670
2017-02-08,8590.05,8819.47,8427.23,8656.66,294629020
2017-02-09,8660.18,8785.2,8475.96,8600.99,274554001
2017-02-10,8587.0,8670.75,8475.14,8558.89,198514819
2017-02-13,8525.56,8771.62,8525.56,8771.62,650651610
2017-02-14,8773.74,8894.93,8746.79,8867.98,624012279
2017-02-15,8843.14,8963.74,8823.06,8943.66,547347541
2017-02-16,8978.45,9172.83,8773.05,8967.43,215962623
2017-02-17,8944.92,9315.73,8756.05,9126.86,791084285
2017-02-20,9116.27,9124.61,9027.61,9035.96,492891414
2017-02-21,9054.74,9087.61,8951.42,8984.29,472954814
2017-02-22,8967.72,9040.58,8903.98,8976.84,414881806
2017-02-23,8965.05,9195.51,8965.05,9195.51,948154401
2017-02-24,9142.71,9341.68,9072.52,9271.48,673694952
2017-02-27,9280.11,9298.27,9204.22,9222.38,786455800
2017-02-28,9229.12,9339.84,9062.28,9173.0,503868637
2017-03-01,9176.45,9358.86,8990.59,9173.0,327534691
2017-03-02,9169.4,9169.85,9097.36,9097.8,400493924
2017-03-03,9071.85,9123.01,8980.69,9031.84,559395383
2017-03-06,8977.49,9071.64,8948.52,9042.67,487808390
2017-03-07,8999.64,8999.64,8926.17,8926.17,995924042
2017-03-08,8877.82,9060.1,8877.82,9060.1,1362726930
2017-03-09,9059.7,9180.73,8987.16,9108.19,790407084
2017-03-10,9107.09,9165.76,9107.09,9165.76,341510435
2017-03-13,9184.47,9324.98,9040.64,9181.14,325742859
2017-03-14,9186.25,9348.45,9057.13,9219.33,377816465
2017-03-15,9161.21,9386.92,9104.22,9329.93,741933537
2017-03-16,9338.14,9496.17,9182.88,9340.91,256658944
2017-03-17,9321.17,9630.86,9227.01,9536.7,1070617601
2017-03-20,9541.35,9606.94,9535.51,9601.11,612282954
2017-03-21,9642.1,9678.72,9545.04,9581.67,223779583
2017-03-22,9619.54,9619.54,9408.48,9408.48,985597787
2017-03-23,9377.71,9422.4,9303.34,9348.03,258357692
2017-03-24,9374.48,9556.84,9144.95,9327.31,412508687
2017-03-27,9278.38,9356.55,9278.38,9356.55,575218243
2017-03-28,9371.24,9372.39,9272.18,9273.33,648515167
2017-03-29,9201.42,9308.0,9148.01,9254.59,261572687
2017-03-30,9197.23,9428.83,9064.3,9295.91,789649839
2017-03-31,9311.03,9344.19,9270.84,9304.0,256191119
2017-04-03,9281.14,9316.67,9268.47,9304.0,167391869
2017-04-04,9306.14,9444.86,9299.93,9438.65,276797740
2017-04-05,9455.12,9573.59,9437.02,9555.49,702409009
2017-04-06,9561.98,9666.88,9524.92,9629.83,726477294
2017-04-07,9625.9,9689.17,9436.05,9499.31,528075858
2017-04-10,9518.35,9551.51,9422.91,9456.07,431706524
2017-04-11,9461.41,9607.84,9284.83,9431.26,483819172
2017-04-12,9462.96,9481.13,9296.95,9315.12,855661265
2017-04-13,9242.97,9465.34,8991.47,9213.84,1049075968
2017-04-14,9146.17,9313.48,8998.58,9165.89,313001435
2017-04-17,9154.91,9381.63,9154.91,9381.63,723773800
2017-04-18,9339.54,9640.96,9226.37,9527.78,497177397
2017-04-19,9543.72,9633.66,9495.66,9585.61,534451025
2017-04-20,9593.76,9754.69,9593.76,9754.69,896565137
2017-04-21,9757.31,9778.32,9624.03,9645.04,600853524
2017-04-24,9676.96,9726.42,9619.52,9668.99,430565723
2017-04-25,9635.48,9635.48,9520.57,9520.57,703215176
2017-04-26,9528.45,9625.27,9359.8,9456.62,1102804906
2017-04-27,9473.73,9836.53,9473.73,9836.53,2008334770
2017-04-28,9935.04,9935.04,9621.0,9621.0,648132547
2017-05-01,9659.6,9794.8,9485.8,9621.0,242024433
2017-05-02,9618.38,9910.62,9618.38,9910.62,1414232236
2017-05-03,9864.96,9942.5,9806.95,9884.49,381797616
2017-05-04,9898.57,9898.57,9805.1,9805.1,355088410
2017-05-05,9773.86,9823.07,9751.22,9800.43,237378508
2017-05-08,9855.05,9903.27,9811.46,9859.67,563735689
2017-05-09,9912.35,9975.47,9722.15,9785.28,1472531623
2017-05-10,9754.33,9895.35,9610.91,9751.94,288577534
2017-05-11,9706.93,9824.81,9624.45,9742.33,271221619
2017-05-12,9756.31,9845.54,9702.71,9791.93,421403359
2017-05-15,9813.23,9888.91,9606.44,9682.12,731686452
2017-05-16,9770.09,9800.35,9654.33,9684.58,314826971
2017-05-17,9643.0,9703.36,9642.36,9702.72,163957664
2017-05-18,9697.66,9941.61,9353.93,9597.88,467673173
2017-05-19,9620.45,9778.05,9620.45,9778.05,1024511072
2017-05-22,9736.2,9903.56,9736.2,9903.56,622570486
2017-05-23,9824.81,9998.27,9797.36,9970.82,425162006
2017-05-24,9961.63,9961.63,9729.45,9729.45,664998731
2017-05-25,9722.08,9960.22,9372.94,9611.08,622245404
2017-05-26,9655.58,9736.58,9655.58,9736.58,550411824
2017-05-29,9754.83,10148.11,9283.4,9676.67,563532439
2017-05-30,9709.43,9739.24,9511.19,9541.0,960574439
2017-05-31,9613.68,9613.68,9521.0,9521.0,344280962
2017-06-01,9610.15,9610.15,9521.0,9521.0,312844235
2017-06-02,9477.05,9525.63,9395.24,9443.81,294537998
2017-06-05,9406.45,9759.95,9239.28,9592.78,453936679
2017-06-06,9589.07,9921.89,9250.49,9583.3,213158073
2017-06-07,9633.77,9633.77,9384.61,9384.61,599666547
2017-06-08,9422.5,9508.85,9374.1,9460.45,597183582
2017-06-09,9396.33,9485.2,9396.33,9485.2,258607894
2017-06-12,9532.56,9622.76,9532.56,9622.76,433648388
2017-06-13,9650.59,9808.05,9644.03,9801.49,293637456
2017-06-14,9751.84,9808.62,9658.91,9715.69,582293553
2017-06-15,9760.83,9760.83,9598.74,9598.74,743736102
2017-06-16,9604.42,9820.01,9457.13,9672.71,444654347
2017-06-19,9705.42,9792.42,9680.49,9767.49,682364988
2017-06-20,9690.24,10122.84,9309.38,9741.98,290355617
2017-06-21,9696.47,9832.22,9696.47,9832.22,670758332
2017-06-22,9837.56,9866.19,9815.96,9844.59,91862871
2017-06-23,9924.13,9924.13,9723.11,9723.11,485913706
2017-06-26,9774.56,9853.25,9563.42,9642.12,501388754
2017-06-27,9653.56,9710.47,9479.47,9536.38,682702861
2017-06-28,9564.87,9882.82,9461.52,9779.46,2332797391
2017-06-29,9713.26,9866.38,9713.26,9866.38,611399494
2017-06-30,9917.21,10020.0,9917.21,10020.0,307786965
2017-07-03,10020.57,10143.55,9897.02,10020.0,469280760
2017-07-04,10055.47,10076.94,10021.82,10043.28,380939101
2017-07-05,10045.69,10156.55,10045.69,10156.55,699064972
2017-07-06,10144.01,10272.8,9984.82,10113.62,459479454
2017-07-07,10101.91,10148.72,10061.37,10108.19,347759714
2017-07-10,10157.56,10216.15,10088.15,10146.73,381299052
2017-07-11,10169.19,10229.73,9987.17,10047.71,220766606
2017-07-12,10055.0,10100.95,10000.48,10046.43,422649064
2017-07-13,9979.62,10306.13,9570.25,9896.76,746364863
2017-07-14,9875.92,9968.23,9875.92,9968.23,484265725
2017-07-17,10003.86,10479.05,9699.9,10175.08,1243197064
2017-07-18,10239.56,10267.11,10175.42,10202.97,325813614
2017-07-19,10194.73,10202.73,9968.03,9976.03,1201124989
2017-07-20,9946.47,10031.79,9850.38,9935.7,703737491
2017-07-21,9963.43,10170.45,9905.54,10112.56,950574880
2017-07-24,10121.12,10146.01,9746.75,9771.64,732425712
2017-07-25,9777.92,9860.08,9688.99,9771.14,320255811
2017-07-26,9836.91,9836.91,9655.15,9655.15,1109788859
2017-07-27,9640.58,9790.67,9608.16,9758.25,675875938
2017-07-28,9820.12,9928.4,9758.43,9866.71,890376715
2017-07-31,9829.38,9977.13,9770.25,9918.0,831435596
2017-08-01,9896.03,10266.31,9547.72,9918.0,368118452
2017-08-02,9849.65,10202.68,9426.28,9779.31,846929117
2017-08-03,9777.43,9927.13,9588.2,9737.91,178430160
2017-08-04,9668.67,9668.67,9555.88,9555.88,875042672
2017-08-07,9508.4,9768.54,9353.67,9613.8,367032104
2017-08-08,9587.27,9740.89,9587.27,9740.89,788877581
2017-08-09,9781.79,10090.13,9426.39,9734.73,331816347
2017-08-10,9698.62,10050.55,9164.31,9516.24,451938635
2017-08-11,9501.79,9553.43,9450.76,9502.41,123134014
2017-08-14,9465.73,9780.31,9428.63,9743.21,1754758020
2017-08-15,9683.05,9766.31,9651.63,9734.88,471337975
2017-08-16,9703.81,9908.89,9633.17,9838.24,431895366
2017-08-17,9740.17,9886.19,9589.05,9735.07,263918951
2017-08-18,9799.7,9889.06,9758.42,9847.78,488053016
2017-08-21,9895.61,9989.07,9894.18,9987.65,1506858353
2017-08-22,9986.93,10260.09,9782.91,10056.08,950375033
2017-08-23,10100.34,10196.92,10100.34,10196.92,428311590
2017-08-24,10186.32,10226.68,10091.62,10131.97,304764547
2017-08-25,10059.23,10075.91,9992.56,10009.24,404004883
2017-08-28,10051.92,10051.92,9854.57,9854.57,652436326
2017-08-29,9878.68,10150.42,9601.85,9873.59,224006923
2017-08-30,9908.24,9939.97,9851.23,9882.95,863578534
2017-08-31,9863.56,9863.56,9788.0,9788.0,624159362
2017-09-01,9735.2,9843.32,9679.88,9788.0,165591268
2017-09-04,9738.15,9985.12,9738.15,9985.12,604971793
2017-09-05,9966.28,10009.94,9868.0,9911.67,802901337
2017-09-06,9912.35,10000.36,9882.18,9970.19,360844213
2017-09-07,9984.19,10009.94,9938.09,9963.84,374737788
2017-09-08,9965.4,10390.65,9607.89,10033.14,204637912
2017-09-11,10065.9,10268.81,9963.61,10166.53,559046112
2017-09-12,10128.15,10332.3,9875.56,10079.7,550083428
2017-09-13,10075.37,10204.46,9963.51,10092.6,299432098
2017-09-14,10129.26,10129.26,10028.96,10028.96,772826626
2017-09-15,10038.83,10137.93,10016.24,10115.34,503766458
2017-09-18,10148.53,10148.53,9989.15,9989.15,448422014
2017-09-19,10083.74,10163.76,10052.07,10132.09,620450099
2017-09-20,10108.3,10151.42,9924.3,9967.42,1159570633
2017-09-21,9978.05,10006.6,9958.3,9986.86,495400656
2017-09-22,10038.95,10072.38,10019.08,10052.5,651919689
2017-09-25,10067.95,10155.69,9938.52,10026.26,500349419
2017-09-26,10000.43,10063.64,9950.71,10013.92,617906719
2017-09-27,10048.45,10279.92,9855.79,10087.26,494672505
2017-09-28,10087.73,10219.11,10008.95,10140.32,740919453
2017-09-29,10065.98,10401.29,9999.69,10335.0,728294067
2017-10-02,10359.0,10427.0,10267.0,10335.0,308790290
2017-10-03,10327.25,10643.11,10060.91,10376.77,585639771
2017-10-04,10304.68,11049.42,9654.33,10399.07,429777654
2017-10-05,10420.46,10590.02,10186.6,10356.16,456860653
2017-10-06,10391.09,10525.26,10285.78,10419.95,432584176
2017-10-09,10406.03,10586.49,10406.03,10586.49,1558647387
2017-10-10,10609.15,10771.54,10594.49,10756.88,356316955
2017-10-11,10736.9,10984.97,10496.76,10744.83,134326160
2017-10-12,10727.34,10957.58,10349.11,10579.36,296161162
2017-10-13,10644.39,10696.41,10519.31,10571.34,544165361
2017-10-16,10573.43,10641.56,10512.39,10580.52,514942388
2017-10-17,10631.9,10644.41,10537.0,10549.52,244777130
2017-10-18,10467.74,10527.71,10467.74,10527.71,403107576
2017-10-19,10556.57,10556.57,9971.24,9971.24,3064652720
2017-10-20,9968.11,10083.59,9694.43,9809.91,822901334
2017-10-23,9769.41,9840.69,9723.87,9795.14,530014431
2017-10-24,9753.55,9922.42,9672.31,9841.17,592933233
2017-10-25,9855.49,10065.0,9805.69,10015.19,887520780
2017-10-26,10018.74,10259.44,10018.74,10259.44,1599592156
2017-10-27,10286.87,10315.54,10106.95,10135.62,428118727
2017-10-30,10166.58,10417.6,9949.49,10200.51,234860857
2017-10-31,10254.6,10372.72,10107.88,10226.0,659880161
2017-11-01,10262.08,10345.25,10142.83,10226.0,219993561
2017-11-02,10144.66,10259.24,10082.26,10196.84,270320727
2017-11-03,10237.48,10304.25,10031.8,10098.57,391652709
2017-11-06,10068.96,10121.19,10009.59,10061.82,285588898
2017-11-07,10070.93,10128.19,10002.27,10059.52,229317399
2017-11-08,10117.83,10187.42,10105.15,10174.74,1038640135
2017-11-09,10172.89,10286.04,10115.22,10228.37,432766548
2017-11-10,10225.93,10535.83,10006.27,10316.16,504543429
2017-11-13,10369.52,10627.49,10197.65,10455.62,553228989
2017-11-14,10485.37,10722.29,10306.88,10543.8,395311302
2017-11-15,10539.83,10687.2,10539.83,10687.2,429675854
2017-11-16,10753.45,10891.67,10617.72,10755.95,420506343
2017-11-17,10732.28,10828.46,10614.3,10710.47,439053732
2017-11-20,10661.96,10661.96,10458.06,10458.06,422932617
2017-11-21,10421.02,10460.78,10348.45,10388.21,451469277
2017-11-22,10345.91,10878.92,10040.22,10573.23,690077758
2017-11-23,10527.56,10650.1,10425.6,10548.13,258575722
2017-11-24,10483.57,10589.95,10483.57,10589.95,323828471
2017-11-27,10571.83,10918.26,10571.83,10918.26,967355711
2017-11-28,10887.59,10922.54,10872.59,10907.54,403030485
2017-11-29,10885.84,10951.22,10863.55,10928.92,402158949
2017-11-30,10946.03,10946.03,10531.0,10531.0,2266509203
2017-12-01,10444.85,10557.77,10418.08,10531.0,167836599
2017-12-04,10528.14,10617.99,10528.14,10617.99,427720555
2017-12-05,10661.4,10872.12,10261.47,10472.2,782045724
2017-12-06,10489.84,10740.16,10380.01,10630.33,475917869
2017-12-07,10579.69,10847.73,10579.69,10847.73,1130415522
2017-12-08,10857.53,11020.74,10715.24,10878.45,329854154
2017-12-11,10745.11,10964.23,10733.53,10952.65,516569812
2017-12-12,10950.27,10979.11,10824.19,10853.03,688378177
2017-12-13,10800.02,10933.22,10733.67,10866.87,296087900
2017-12-14,10872.22,11017.94,10856.87,11002.58,644965945
2017-12-15,10951.39,10958.97,10902.79,10910.37,536471994
2017-12-18,10829.3,10935.5,10797.29,10903.49,318569032
2017-12-19,10886.18,11236.16,10568.89,10918.88,220645948
2017-12-20,11005.0,11005.0,10717.94,10717.94,461711355
2017-12-21,10658.17,11232.45,10488.98,11063.26,2213384219
2017-12-22,11062.04,11246.19,10913.92,11098.06,308239676
2017-12-25,11086.88,11374.67,10927.21,11215.0,1481146783
2017-12-26,11174.02,11232.4,11139.61,11197.98,414245438
2017-12-27,11112.77,11112.77,10868.46,10868.46,1595155566
2017-12-28,10917.16,11120.26,10891.08,11094.18,677395415
2017-12-29,11129.81,11129.81,11028.0,11028.0,760704672
2018-01-01,11002.4,11095.67,10934.72,11028.0,212124268
2018-01-02,11110.79,11340.64,10868.28,11098.13,620195524
2018-01-03,11144.14,11294.99,11133.18,11284.03,899685211
2018-01-04,11276.11,11443.79,11271.62,11439.29,537109681
2018-01-05,11466.53,11466.53,10965.34,10965.34,1151620650
2018-01-08,10917.86,11230.74,10899.51,11212.39,1574508722
2018-01-09,11236.46,11248.21,11165.58,11177.33,554312288
2018-01-10,11181.85,11234.66,11181.6,11234.41,414968699
2018-01-11,11206.66,11462.81,11042.28,11298.43,358049631
2018-01-12,11293.18,11323.16,11121.36,11151.34,454694706
2018-01-15,11203.9,11535.55,10760.8,11092.45,548279560
2018-01-16,11080.21,11248.6,10898.83,11067.22,427067287
2018-01-17,11054.91,11095.5,10994.59,11035.17,524453581
2018-01-18,10988.75,11125.77,10750.25,10887.26,449422908
2018-01-19,10967.76,11008.88,10951.2,10992.32,246827743
2018-01-22,10927.53,10947.44,10895.9,10915.81,358949522
2018-01-23,10896.15,10920.09,10577.98,10601.92,842353890
2018-01-24,10577.61,10662.16,10577.61,10662.16,238521765
2018-01-25,10696.55,10800.28,10607.55,10711.29,560739186
2018-01-26,10725.01,10725.01,10586.85,10586.85,767342441
2018-01-29,10587.27,10641.01,10539.96,10593.7,283421519
2018-01-30,10681.03,10729.46,10425.79,10474.22,296293091
2018-01-31,10433.16,10706.68,10218.48,10492.0,564127771
2018-02-01,10524.89,10534.07,10482.82,10492.0,214638439
2018-02-02,10466.48,10739.84,10005.6,10278.96,636855644
2018-02-05,10321.93,10443.55,10116.15,10237.77,361820551
2018-02-06,10297.78,10302.73,10237.2,10242.15,320966874
2018-02-07,10311.27,10561.97,10171.35,10422.05,717549140
2018-02-08,10406.89,10472.38,10392.16,10457.66,258609295
2018-02-09,10486.01,10818.89,10101.7,10434.57,246913916
2018-02-12,10386.03,10502.99,10181.77,10298.73,376519258
2018-02-13,10366.2,10371.96,10319.04,10324.8,355163749
2018-02-14,10243.26,10354.41,10243.26,10354.41,270622959
2018-02-15,10270.36,10343.65,10270.36,10343.65,321884105
2018-02-16,10285.07,10516.2,10276.2,10507.33,556977331
2018-02-19,10525.17,10525.17,10290.61,10290.61,932164309
2018-02-20,10323.78,10339.01,10217.16,10232.4,676004130
2018-02-21,10245.7,10508.96,9791.3,10054.56,906081891
2018-02-22,10037.45,10324.65,10037.45,10324.65,851936216
2018-02-23,10343.3,10392.62,10295.86,10345.18,319687370
2018-02-26,10316.9,10380.62,10224.53,10288.26,325419016
2018-02-27,10234.92,10276.07,9964.73,10005.89,1490552266
2018-02-28,9968.91,10114.0,9968.91,10114.0,712208898
2018-03-01,10113.95,10289.94,9938.01,10114.0,114522968
2018-03-02,10198.25,10198.25,9935.14,9935.14,1402186211
2018-03-05,9891.74,9954.1,9860.97,9923.33,448072087
2018-03-06,9932.86,9977.12,9763.48,9807.73,352400064
2018-03-07,9779.32,10343.82,9458.52,10023.02,1214362516
2018-03-08,10034.91,10214.25,10034.91,10214.25,451058331
2018-03-09,10181.6,10339.53,10097.94,10255.87,547038895
2018-03-12,10302.28,10460.94,10302.28,10460.94,589684523
2018-03-13,10381.76,10483.18,10298.15,10399.56,766169964
2018-03-14,10366.12,10616.68,10153.42,10403.98,561587313
2018-03-15,10405.07,10564.52,10405.07,10564.52,605035678
2018-03-16,10574.8,10978.09,10156.68,10559.98,552362825
2018-03-19,10592.82,10636.14,10560.37,10603.69,619386819
2018-03-20,10637.98,10724.02,10637.98,10724.02,511124163
2018-03-21,10626.26,11220.63,10118.61,10712.98,204251019
2018-03-22,10718.2,10827.68,10583.54,10693.02,353943010
2018-03-23,10634.89,11113.55,10415.68,10894.34,759320730
2018-03-26,10859.98,11054.24,10699.71,10893.97,284103861
2018-03-27,10959.76,11091.53,10782.42,10914.18,250091753
2018-03-28,10912.66,10988.28,10772.03,10847.65,663621414
2018-03-29,10846.22,11157.79,10585.61,10897.18,315968036
2018-03-30,10912.02,11086.97,10564.06,10739.0,872436372
2018-04-02,10749.21,10848.63,10639.58,10739.0,487006635
2018-04-03,10813.86,10828.75,10609.07,10623.96,548497403
2018-04-04,10601.87,10834.55,10502.13,10734.81,405801045
2018-04-05,10842.0,10842.0,10647.2,10647.2,685982800
2018-04-06,10704.17,10929.07,10704.17,10929.07,1268174748
2018-04-09,10856.61,10997.7,10856.61,10997.7,399000350
2018-04-10,10904.72,11076.23,10862.94,11034.46,561231011
2018-04-11,11069.42,11121.7,10977.54,11029.82,747862426
2018-04-12,11009.92,11194.45,10805.35,10989.88,393070465
2018-04-13,10963.2,11058.6,10924.8,11020.2,273517051
2018-04-16,11038.07,11152.98,11031.15,11146.05,254616966
2018-04-17,11217.73,11686.99,10602.73,11071.99,533534971
2018-04-18,11063.91,11111.01,11034.43,11081.53,304117985
2018-04-19,11041.61,11238.04,11041.61,11238.04,721288961
2018-04-20,11265.57,11431.75,11063.08,11229.26,183713429
2018-04-23,11281.77,11378.76,11148.19,11245.18,385195692
2018-04-24,11240.56,11529.69,10879.59,11168.72,328253199
2018-04-25,11228.99,11275.83,10915.32,10962.17,732360668
2018-04-26,10939.06,10939.06,10816.01,10816.01,683721702
2018-04-27,10838.49,10838.49,10569.39,10569.39,1088501652
2018-04-30,10633.84,10748.51,10621.33,10736.0,861780189
2018-05-01,10736.19,10882.5,10589.69,10736.0,310252472
2018-05-02,10831.51,10968.19,10807.3,10943.99,557427111
2018-05-03,10953.73,10969.04,10857.01,10872.33,240986239
2018-05-04,10931.37,10931.37,10681.61,10681.61,527131742
2018-05-07,10602.67,10602.67,10414.05,10414.05,570107297
2018-05-08,10393.24,10459.4,10393.24,10459.4,252603060
2018-05-09,10435.99,10583.0,10435.99,10583.0,486372575
2018-05-10,10530.33,10586.34,10513.25,10569.26,218577573
2018-05-11,10613.15,10625.45,10523.15,10535.45,596933733
2018-05-14,10577.75,10868.0,10206.34,10496.59,275220789
2018-05-15,10445.61,10462.44,10381.04,10397.87,896677736
2018-05-16,10487.54,10820.88,10095.05,10428.39,451793759
2018-05-17,10405.06,10910.75,9970.84,10476.53,547298509
2018-05-18,10473.36,10630.32,10473.36,10630.32,672930434
2018-05-21,10636.32,10942.17,10275.63,10581.48,238666691
2018-05-22,10592.14,10749.84,10592.14,10749.84,1126484201
2018-05-23,10785.74,11069.18,10493.71,10777.16,388533702
2018-05-24,10746.38,10891.4,10623.09,10768.11,284012400
2018-05-25,10710.51,10820.58,10668.85,10778.92,349944152
2018-05-28,10810.67,10870.16,10553.03,10612.52,854460037
2018-05-29,10637.82,10680.81,10598.06,10641.05,344272500
2018-05-30,10607.95,10954.69,10332.5,10679.24,433210856
2018-05-31,10648.61,10819.62,10542.98,10714.0,1174439465
2018-06-01,10725.71,10746.47,10693.25,10714.0,238812431
2018-06-04,10752.35,11098.05,10752.35,11098.05,1147337371
2018-06-05,11109.42,11400.19,10787.6,11078.37,363699882
2018-06-06,11098.23,11322.88,10881.11,11105.76,326578285
2018-06-07,11068.82,11231.13,11034.4,11196.7,1436092867
2018-06-08,11126.82,11212.03,10982.96,11068.18,440082068
2018-06-11,11094.1,11129.13,10966.47,11001.5,546809416
2018-06-12,10971.11,10971.11,10665.26,10665.26,1250810052
2018-06-13,10636.95,10935.29,10581.47,10879.81,554711496
2018-06-14,10929.41,10983.31,10874.91,10928.82,523584833
2018-06-15,10930.66,10972.14,10827.52,10869.0,577832717
2018-06-18,10909.18,11060.71,10815.65,10967.18,552927074
2018-06-19,10985.03,11118.51,10881.74,11015.22,265664417
2018-06-20,10981.62,11257.08,10981.62,11257.08,1062857432
2018-06-21,11191.12,11374.97,11191.12,11374.97,373087269
2018-06-22,11357.56,11538.13,11357.56,11538.13,378340473
2018-06-25,11497.51,11559.02,11463.13,11524.63,321507426
2018-06-26,11518.91,11883.99,11268.31,11633.39,802652659
2018-06-27,11623.1,11623.1,11424.38,11424.38,1136051779
2018-06-28,11396.31,11541.45,11272.96,11418.11,468797037
2018-06-29,11472.13,11482.47,11345.67,11356.0,803767900
2018-07-02,11414.78,11537.69,11233.09,11356.0,684320815
2018-07-03,11425.42,11425.42,11202.14,11202.14,658793526
2018-07-04,11113.65,11426.26,11092.75,11405.36,830641080
2018-07-05,11360.68,11829.99,10906.98,11376.29,338113175
2018-07-06,11305.5,11355.07,11282.8,11332.37,318497040
2018-07-09,11280.17,11429.09,11212.29,11361.2,490572590
2018-07-10,11387.76,11532.67,11334.22,11479.13,853056643
2018-07-11,11523.84,11702.18,11508.09,11686.44,471897368
2018-07-12,11643.75,11714.01,11643.75,11714.01,378979587
2018-07-13,11738.35,11792.06,11734.71,11788.41,509828494
2018-07-16,11720.25,12320.1,11234.24,11834.1,540275425
2018-07-17,11892.36,11956.88,11806.07,11870.59,354100576
2018-07-18,11919.72,11922.81,11614.01,11617.1,728106403
2018-07-19,11584.88,11584.88,11507.79,11507.79,1017662266
2018-07-20,11491.16,11544.58,11436.52,11489.95,334650947
2018-07-23,11506.22,11506.22,11332.98,11332.98,1218909385
2018-07-24,11352.16,11683.62,11209.54,11540.99,251563059
2018-07-25,11525.51,11559.04,11414.25,11447.78,354663739
2018-07-26,11431.78,11695.54,11431.78,11695.54,782296361
2018-07-27,11599.51,11599.51,11480.35,11480.35,486775288
2018-07-30,11376.59,11560.59,11273.44,11457.44,244526382
2018-07-31,11543.02,11783.59,11439.42,11680.0,1704870906
2018-08-01,11711.04,11728.82,11662.22,11680.0,334179551
2018-08-02,11657.92,11920.99,11593.78,11856.85,714970319
2018-08-03,11961.57,12316.97,11557.4,11912.8,586956883
2018-08-06,12070.41,12070.41,11850.4,11850.4,512995675
2018-08-07,11886.14,12027.52,11735.63,11877.02,226200764
2018-08-08,11851.27,11997.39,11647.39,11793.5,601838237
2018-08-09,11800.48,11834.74,11637.17,11671.43,852878276
2018-08-10,11663.34,12067.16,11347.38,11751.2,350391757
2018-08-13,11790.16,12124.83,11293.98,11628.66,291426567
2018-08-14,11636.9,11673.88,11522.07,11559.05,596708359
2018-08-15,11573.11,11689.96,11572.13,11688.98,723212648
2018-08-16,11655.24,11846.89,11528.05,11719.7,314028544
2018-08-17,11717.96,11717.96,11387.15,11387.15,485724278
2018-08-20,11389.89,11857.04,11127.4,11594.55,671881340
2018-08-21,11618.79,11618.79,11488.78,11488.78,337473898
2018-08-22,11471.65,11617.84,11346.97,11493.17,393641217
2018-08-23,11531.68,11531.68,11324.25,11324.25,370796420
2018-08-24,11336.7,11404.56,11029.03,11096.89,869951853
2018-08-27,11053.3,11192.2,10992.38,11131.29,370420214
2018-08-28,11170.66,11472.92,11044.08,11346.33,565323996
2018-08-29,11214.92,11214.92,10811.25,10811.25,1203442368
2018-08-30,10764.03,11161.24,10764.03,11161.24,1189244608
2018-08-31,11053.23,11057.38,11003.85,11008.0,680375109
2018-09-03,11007.61,11289.83,10725.78,11008.0,219530335
2018-09-04,10962.5,11114.03,10847.62,10999.15,269334205
2018-09-05,11014.46,11158.52,11014.46,11158.52,1390903809
2018-09-06,11155.01,11650.23,10616.27,11111.49,463001175
2018-09-07,11087.66,11344.73,10856.4,11113.47,153178701
2018-09-10,11062.36,11062.36,10725.78,10725.78,605711735
2018-09-11,10677.67,10951.45,10470.38,10744.15,410168203
2018-09-12,10702.55,10786.91,10628.93,10713.29,320100320
2018-09-13,10690.6,10899.59,10549.24,10758.22,456802853
2018-09-14,10725.36,10904.08,10619.14,10797.85,572903083
2018-09-17,10740.14,11300.5,10236.77,10797.12,374267709
2018-09-18,10780.16,10855.64,10755.32,10830.8,705214291
2018-09-19,10828.93,10828.93,10679.03,10679.03,269701251
2018-09-20,10684.95,11054.71,10229.0,10598.76,413579800
2018-09-21,10601.74,10714.17,10546.02,10658.46,446981870
2018-09-24,10664.7,10818.28,10575.53,10729.11,740017368
2018-09-25,10723.81,10723.81,10627.98,10627.98,807639389
2018-09-26,10756.11,10756.11,10447.27,10447.27,846358801
2018-09-27,10470.77,10706.92,10403.5,10639.65,1604145580
2018-09-28,10566.5,10717.29,10235.2,10386.0,1383263963
2018-10-01,10467.04,10565.86,10287.19,10386.0,245481516
2018-10-02,10457.71,11176.63,10457.71,11176.63,1164803261
2018-10-03,11051.94,11160.39,11051.94,11160.39,401698681
2018-10-04,11217.18,11233.82,10998.81,11015.45,874821065
2018-10-05,11033.82,11127.52,10746.93,10840.63,366155846
2018-10-08,10899.69,11769.58,9962.66,10832.55,303973831
2018-10-09,10732.05,10915.33,10633.43,10816.72,174508762
2018-10-10,10974.23,10974.23,10398.36,10398.36,1562763445
2018-10-11,10502.62,10867.71,10019.88,10384.98,436940186
2018-10-12,10362.76,10408.3,10146.4,10191.94,895639941
2018-10-15,10097.81,10693.33,9778.9,10374.42,717158206
2018-10-16,10358.11,11061.9,9778.32,10482.1,699812550
2018-10-17,10554.19,10554.19,10384.34,10384.34,724080452
2018-10-18,10463.57,10588.49,10444.25,10569.17,750873521
2018-10-19,10575.84,10851.82,10470.48,10746.45,494801001
2018-10-22,10674.02,10799.11,10539.23,10664.31,358938962
2018-10-23,10772.72,10803.0,10647.0,10677.29,294335372
2018-10-24,10758.6,10981.74,10431.49,10654.63,285977716
2018-10-25,10636.32,10636.32,10355.68,10355.68,1241820636
2018-10-26,10268.7,10556.88,10096.18,10384.37,345532313
2018-10-29,10371.09,10688.26,10270.05,10587.22,702252650
2018-10-30,10509.79,10509.79,9954.5,9954.5,1543405482
2018-10-31,9910.56,10877.0,9910.56,10877.0,2689675653
2018-11-01,10950.07,11037.36,10789.71,10877.0,326581302
2018-11-02,10805.23,10971.51,10805.23,10971.51,483998498
2018-11-05,10962.73,11071.86,10759.55,10868.68,887608973
2018-11-06,10890.62,10933.75,10873.18,10916.31,231124933
2018-11-07,10900.65,11078.84,10900.65,11078.84,941193770
2018-11-08,11087.24,11118.08,10937.22,10968.06,624846403
2018-11-09,10987.07,11242.8,10699.96,10955.69,278219404
2018-11-12,11031.03,11031.03,10648.43,10648.43,1557454713
2018-11-13,10674.36,10794.92,10261.46,10382.02,700255703
2018-11-14,10428.0,10445.94,10377.42,10395.36,158604759
2018-11-15,10384.11,10773.2,10369.16,10758.25,1081662652
2018-11-16,10785.03,10800.55,10739.02,10754.53,207695807
2018-11-19,10759.75,10766.96,10682.57,10689.77,264968747
2018-11-20,10753.02,10753.02,10334.52,10334.52,2275571640
2018-11-21,10281.82,10460.18,10281.82,10460.18,725237235
2018-11-22,10492.7,10762.99,10492.7,10762.99,1404682251
2018-11-23,10759.65,10875.7,10722.08,10838.13,362113247
2018-11-26,10853.9,10865.12,10772.58,10783.8,443173626
2018-11-27,10722.01,10834.48,10626.44,10738.91,503590619
2018-11-28,10742.52,10755.89,10545.19,10558.56,705209273
2018-11-29,10650.48,10925.49,10531.53,10806.54,588953496
2018-11-30,10781.22,10863.0,10781.22,10863.0,413363955
2018-12-03,10930.85,11090.42,10703.44,10863.0,287966401
2018-12-04,10786.32,10888.83,10786.32,10888.83,615411743
2018-12-05,10887.02,11036.86,10580.93,10730.77,857273070
2018-12-06,10704.14,10836.46,10684.8,10817.13,406740248
2018-12-07,10823.28,10938.01,10635.03,10749.75,211309814
2018-12-10,10804.62,11029.78,10741.51,10966.67,606072903
2018-12-11,10954.2,11037.94,10923.17,11006.91,428492733
2018-12-12,10965.26,11196.14,10743.95,10974.84,542732531
2018-12-13,11069.9,11271.56,10846.14,11047.8,461734274
2018-12-14,11105.86,11243.15,10768.13,10905.42,796877661
2018-12-17,10961.04,10984.31,10858.25,10881.53,259815139
2018-12-18,10873.54,11013.85,10765.53,10905.83,201895971
2018-12-19,10968.26,11117.26,10718.14,10867.14,410080456
2018-12-20,10794.71,10998.75,10620.03,10824.07,746998996
2018-12-21,10794.05,10928.33,10746.19,10880.46,372687360
2018-12-24,10946.79,11196.02,10808.02,11057.25,599375580
2018-12-25,11059.7,11376.77,10636.17,10953.24,933768825
2018-12-26,10986.98,10986.98,10813.91,10813.91,788782790
2018-12-27,10803.12,11052.9,10497.98,10747.76,947607797
2018-12-28,10747.96,10797.91,10638.01,10687.96,428419278
2018-12-31,10668.3,10831.0,10668.3,10831.0,700177015
2019-01-01,10799.13,10841.66,10788.47,10831.0,289067058
2019-01-02,10857.05,11012.52,10677.77,10833.24,301453208
2019-01-03,10784.51,10853.26,10671.9,10740.65,561451655
2019-01-04,10760.32,11251.43,10190.82,10681.93,1210465301
2019-01-07,10714.8,11112.43,10534.92,10932.55,856518775
2019-01-08,10870.63,11304.0,10675.39,11108.76,1166113399
2019-01-09,11075.49,11290.52,10918.72,11133.75,317038877
2019-01-10,11075.24,11377.95,10979.79,11282.5,614470018
2019-01-11,11246.69,11369.31,11205.86,11328.48,282649289
2019-01-14,11317.22,11349.83,11224.49,11257.11,414548819
2019-01-15,11250.26,11421.8,11232.83,11404.36,554523774
2019-01-16,11437.0,11570.27,11160.86,11294.12,503462159
2019-01-17,11256.3,11370.11,11256.3,11370.11,322705651
2019-01-18,11391.78,11391.78,11003.17,11003.17,1364978574
2019-01-21,11005.35,11243.99,10777.25,11015.88,409825284
2019-01-22,11058.88,11094.43,10946.53,10982.08,346111638
2019-01-23,10992.83,11262.96,10942.87,11213.0,1061247470
2019-01-24,11224.86,11280.06,11118.69,11173.88,276687881
2019-01-25,11310.07,11310.07,10989.24,10989.24,616029391
2019-01-28,10968.24,11085.43,10854.69,10971.89,264343668
2019-01-29,10940.26,11041.5,10799.15,10900.4,373028296
2019-01-30,10865.02,10954.98,10715.72,10805.68,256594032
2019-01-31,10935.27,10940.22,10788.05,10793.0,301571201
2019-02-01,10786.3,10926.25,10653.06,10793.0,168350401
2019-02-04,10710.39,10952.93,10639.36,10881.89,413982284
2019-02-05,10896.02,10968.91,10874.54,10947.43,553388573
2019-02-06,11002.28,11002.28,10798.22,10798.22,924740896
2019-02-07,10841.12,11111.15,10559.11,10829.14,478979633
2019-02-08,10766.8,10920.33,10766.8,10920.33,590656738
2019-02-11,10971.34,11388.7,10873.77,11291.13,792858358
2019-02-12,11313.37,11377.94,11151.66,11216.22,441290516
2019-02-13,11234.24,11473.85,11063.38,11302.99,229494818
2019-02-14,11368.43,11368.43,11202.11,11202.11,1067364653
2019-02-15,11287.58,11287.58,11216.59,11216.59,257623694
2019-02-18,11291.0,11385.58,11196.01,11290.59,389023203
2019-02-19,11219.15,11346.74,11219.15,11346.74,382589643
2019-02-20,11295.44,11538.55,11134.2,11377.31,490086787
2019-02-21,11361.76,11501.9,11205.55,11345.69,261463537
2019-02-22,11360.32,11561.67,11217.06,11418.4,662341419
2019-02-25,11377.72,11478.53,11292.65,11393.46,359320973
2019-02-26,11413.15,11494.58,11308.09,11389.52,321688324
2019-02-27,11363.82,11588.73,11285.15,11510.06,503322321
2019-02-28,11489.16,11662.43,11450.73,11624.0,530461791
2019-03-01,11635.72,11790.33,11469.39,11624.0,178519921
2019-03-04,11730.73,11730.73,11523.44,11523.44,472356763
2019-03-05,11594.08,11730.35,11479.21,11615.48,546232767
2019-03-06,11608.61,11735.93,11485.76,11613.08,251243265
2019-03-07,11544.29,11709.41,11489.58,11654.7,360628911
2019-03-08,11747.08,11758.19,11696.25,11707.36,411792676
2019-03-11,11702.65,11885.51,11702.65,11885.51,2018934348
2019-03-12,11844.23,11844.23,11737.37,11737.37,770088376
2019-03-13,11669.3,11719.8,11475.48,11525.98,656956000
2019-03-14,11433.55,11707.11,11255.42,11528.99,181125824
2019-03-15,11508.83,11798.81,11345.68,11635.66,609906664
2019-03-18,11671.25,11860.77,11459.67,11649.2,193323083
2019-03-19,11563.58,11770.69,11563.58,11770.69,356106434
2019-03-20,11854.6,12028.97,11589.37,11763.74,335133473
2019-03-21,11764.62,11764.62,11569.07,11569.07,475105838
2019-03-22,11509.01,11838.85,11509.01,11838.85,529276753
2019-03-25,11818.37,12468.92,11351.63,12002.18,407267233
2019-03-26,11935.25,11945.61,11873.88,11884.23,605964735
2019-03-27,11955.84,12416.4,11477.96,11938.53,454372473
2019-03-28,11899.89,11924.27,11846.6,11870.99,438075055
2019-03-29,11849.96,11865.77,11732.19,11748.0,649768763
2019-04-01,11780.32,11931.98,11596.34,11748.0,364964487
2019-04-02,11736.37,11841.67,11701.9,11807.2,215365006
2019-04-03,11726.54,11991.73,11640.99,11906.18,327675947
2019-04-04,11829.85,11989.64,11683.71,11843.5,718059698
2019-04-05,11819.36,11819.36,11689.85,11689.85,366445196
2019-04-08,11677.63,11816.38,11460.08,11598.83,426806527
2019-04-09,11609.83,11748.1,11386.61,11524.88,523826396
2019-04-10,11509.27,11764.78,11117.51,11373.01,403439103
2019-04-11,11373.62,11625.2,11168.28,11419.87,552835652
2019-04-12,11350.32,11490.88,11350.32,11490.88,249088303
2019-04-15,11438.89,11547.81,11303.41,11412.33,621333664
2019-04-16,11466.06,11500.9,11413.47,11448.3,424534265
2019-04-17,11471.34,11671.13,11471.34,11671.13,805668652
2019-04-18,11676.89,11802.49,11649.48,11775.08,453179795
2019-04-19,11785.05,11785.05,11673.45,11673.45,671170732
2019-04-22,11670.92,11899.01,11462.63,11690.72,537662735
2019-04-23,11687.94,11870.25,11639.27,11821.57,561943547
2019-04-24,11942.29,11942.29,11684.84,11684.84,568920194
2019-04-25,11686.14,11867.22,11603.71,11784.79,225629978
2019-04-26,11834.43,12079.72,11504.08,11749.38,278903219
2019-04-29,11815.29,11925.61,11715.43,11825.76,768190667
2019-04-30,11802.71,11956.08,11768.63,11922.0,256631692
2019-05-01,11960.01,12082.77,11799.25,11922.0,381794031
2019-05-02,11908.94,12046.22,11908.94,12046.22,477595981
2019-05-03,12004.63,12370.84,11497.96,11864.16,528803333
2019-05-06,11886.52,11886.52,11691.14,11691.14,1071790742
2019-05-07,11705.33,11828.37,11659.36,11782.39,319559854
2019-05-08,11747.55,11856.04,11626.42,11734.91,490527448
2019-05-09,11785.76,11810.33,11723.24,11747.81,279810640
2019-05-10,11684.74,11987.6,11492.43,11795.29,426563264
2019-05-13,11809.1,11899.57,11610.5,11700.97,1199649026
2019-05-14,11685.56,11776.16,11628.91,11719.51,282998149
2019-05-15,11677.44,11931.89,11383.07,11637.52,739092918
2019-05-16,11650.3,11758.65,11472.09,11580.44,537765693
2019-05-17,11588.92,11629.82,11492.23,11533.13,369928705
2019-05-20,11580.93,11695.28,11545.51,11659.86,497562669
2019-05-21,11669.62,11759.24,11471.1,11560.72,581623825
2019-05-22,11484.33,11827.5,11421.43,11764.59,516830523
2019-05-23,11732.14,11787.96,11575.82,11631.63,743983655
2019-05-24,11641.42,12164.32,11112.25,11635.15,176425226
2019-05-27,11664.42,11664.42,11490.87,11490.87,769145724
2019-05-28,11498.83,11586.48,11378.71,11466.37,809203409
2019-05-29,11432.32,11835.93,11177.18,11580.79,503379535
2019-05-30,11573.29,11618.79,11440.22,11485.72,489344073
2019-05-31,11438.36,12128.4,11097.96,11788.0,721339357
2019-06-03,11768.44,11935.57,11620.87,11788.0,395882086
2019-06-04,11817.73,11817.73,11626.58,11626.58,615794887
2019-06-05,11594.1,11734.22,11594.1,11734.22,405179562
2019-06-06,11755.09,12022.08,11755.09,12022.08,657090695
2019-06-07,12017.24,12051.25,11795.07,11829.08,289878279
2019-06-10,11821.11,11856.74,11792.1,11827.74,265398372
2019-06-11,11766.14,11822.2,11552.15,11608.21,553538865
2019-06-12,11588.54,11785.43,11346.33,11543.23,348026972
2019-06-13,11585.78,11887.93,11585.78,11887.93,1082545951
2019-06-14,11940.19,12095.3,11704.04,11859.16,340662543
2019-06-17,11771.97,11850.46,11672.04,11750.52,436372732
2019-06-18,11865.11,12149.91,11487.62,11772.41,336871004
2019-06-19,11712.65,11712.65,11622.97,11622.97,765725681
2019-06-20,11650.37,12015.31,11009.96,11374.9,1170687900
2019-06-21,11364.2,11454.31,11194.91,11285.02,610992743
2019-06-24,11247.41,11412.07,11110.13,11274.79,636670620
2019-06-25,11312.26,11312.26,11140.01,11140.01,225916812
2019-06-26,11210.1,11362.15,10895.95,11048.0,502826383
2019-06-27,11074.43,11074.43,10953.49,10953.49,390212800
2019-06-28,10915.55,11118.0,10915.55,11118.0,861651741
2019-07-01,11166.44,11386.36,10898.09,11118.0,206062892
2019-07-02,11114.6,11260.73,10993.54,11139.67,217177260
2019-07-03,11205.66,11388.0,11205.66,11388.0,928407073
2019-07-04,11402.89,11464.38,11399.22,11460.71,421082130
2019-07-05,11450.35,11686.46,11450.35,11686.46,885443319
2019-07-08,11757.55,11884.12,11559.02,11685.59,134999979
2019-07-09,11785.42,11928.33,11515.03,11657.94,326416886
2019-07-10,11638.17,11880.74,11318.18,11560.75,892644213
2019-07-11,11519.21,11706.63,11327.69,11515.11,291507286
2019-07-12,11532.93,11532.93,11421.97,11421.97,840876824
2019-07-15,11444.28,11735.39,11444.28,11735.39,579870835
2019-07-16,11762.2,12205.38,10966.22,11409.4,593477435
2019-07-17,11424.26,11572.28,11335.53,11483.55,285083847
2019-07-18,11478.92,11943.0,11008.77,11472.86,372277132
2019-07-19,11502.69,11760.17,11081.18,11338.65,605218187
2019-07-22,11286.64,11530.43,11197.4,11441.19,420131835
2019-07-23,11457.69,11533.85,11457.69,11533.85,211928350
2019-07-24,11593.36,11611.7,11449.73,11468.07,443359712
2019-07-25,11583.8,11759.49,11319.37,11495.06,337530279
2019-07-26,11514.73,12114.86,11514.73,12114.86,1427041891
2019-07-29,12224.96,12224.96,11650.74,11650.74,1943884051
2019-07-30,11679.5,11679.5,11308.23,11308.23,709718034
2019-07-31,11267.39,11267.39,10948.0,10948.0,1085720739
2019-08-01,10962.1,11202.11,10707.99,10948.0,349442885
2019-08-02,10942.37,11038.95,10845.37,10941.95,511336062
2019-08-05,10964.33,11148.91,10670.92,10855.5,969450766
2019-08-06,10930.97,10999.13,10808.8,10876.96,412009631
2019-08-07,10821.4,11040.11,10810.83,11029.55,488982778
2019-08-08,11048.32,11048.32,10911.16,10911.16,1226416593
2019-08-09,10953.46,11151.35,10953.46,11151.35,1352105494
2019-08-12,11105.45,11429.28,10981.4,11305.23,1121002183
2019-08-13,11334.27,11382.54,11110.72,11158.99,673280380
2019-08-14,11155.23,11155.23,11044.05,11044.05,711600816
2019-08-15,11003.91,11078.85,10995.9,11070.85,225738814
2019-08-16,11081.38,11246.94,11041.4,11206.96,593080592
2019-08-19,11231.0,11245.03,11153.87,11167.9,288905782
2019-08-20,11155.09,11290.81,11155.09,11290.81,476077429
2019-08-21,11201.99,11549.58,11061.29,11408.88,402350156
2019-08-22,11323.97,11416.52,11222.52,11315.07,775378842
2019-08-23,11297.16,11490.68,11262.0,11455.52,677132231
2019-08-26,11432.61,11841.53,11104.6,11513.51,583024805
2019-08-27,11489.96,11489.96,11330.56,11330.56,507572514
2019-08-28,11386.76,11473.11,11302.41,11388.76,384556547
2019-08-29,11335.94,11601.79,11335.94,11601.79,895276888
2019-08-30,11621.36,11679.54,11416.82,11475.0,1298061283
2019-09-02,11441.57,11578.15,11338.42,11475.0,265770168
2019-09-03,11453.28,11667.37,11453.28,11667.37,380816457
2019-09-04,11731.41,11738.24,11438.36,11445.19,806465626
2019-09-05,11432.37,11674.72,11432.37,11674.72,613851890
2019-09-06,11665.31,11835.96,11442.61,11613.26,350069253
2019-09-09,11577.33,11594.32,11502.67,11519.66,387513209
2019-09-10,11519.67,11548.36,11451.31,11480.0,410693948
2019-09-11,11496.54,11549.33,11452.58,11505.38,130459629
2019-09-12,11507.25,11543.65,11424.73,11461.14,387402805
2019-09-13,11459.73,11600.4,11459.73,11600.4,583382319
2019-09-16,11573.46,11758.06,11573.46,11758.06,433260485
2019-09-17,11722.0,11858.42,11609.28,11745.69,320093089
2019-09-18,11751.55,11901.19,11726.28,11875.92,391255602
2019-09-19,11929.08,11929.08,11766.77,11766.77,629770253
2019-09-20,11677.49,11857.68,11677.49,11857.68,1003320670
2019-09-23,11935.32,12137.76,11859.6,12062.05,1093632684
2019-09-24,12017.87,12222.26,11940.53,12144.92,487724866
2019-09-25,12146.43,12146.43,11930.0,11930.0,675791596
2019-09-26,11987.33,12001.86,11904.73,11919.27,293844579
2019-09-27,11890.66,12085.5,11776.31,11971.15,454232179
2019-09-30,11855.51,12311.41,11422.09,11878.0,741971804
2019-10-01,11847.66,11969.7,11755.96,11878.0,116772433
2019-10-02,11900.81,12055.02,11897.41,12051.62,613799798
2019-10-03,12089.62,12213.59,11817.86,11941.83,278816858
2019-10-04,11883.7,12023.01,11823.44,11962.75,661667681
2019-10-07,11849.88,12114.37,11836.2,12100.69,316437638
2019-10-08,12076.2,12471.83,11722.68,12118.31,187248150
2019-10-09,12134.53,12256.66,11780.38,11902.51,906641288
2019-10-10,11939.34,11959.27,11846.64,11866.57,308366575
2019-10-11,11897.63,11989.78,11840.28,11932.43,221364113
2019-10-14,11941.75,12259.49,11941.75,12259.49,1647542674
2019-10-15,12211.01,12520.05,12183.24,12492.28,484934467
2019-10-16,12495.81,12517.04,12246.7,12267.92,626052605
2019-10-17,12201.36,12471.65,12198.52,12468.81,691147106
2019-10-18,12432.19,12675.91,12349.98,12593.7,1003731699
2019-10-21,12662.21,13055.72,12116.81,12510.32,366536777
2019-10-22,12507.35,12649.65,12171.08,12313.38,352367657
2019-10-23,12306.25,12306.25,11924.8,11924.8,1507541062
2019-10-24,11916.38,12247.21,11916.38,12247.21,691103573
2019-10-25,12263.55,12326.36,12260.61,12323.42,512109386
2019-10-28,12384.46,12556.48,12253.13,12425.15,672230254
2019-10-29,12388.12,12466.75,12135.59,12214.22,487005618
2019-10-30,12223.15,12322.25,12204.93,12304.03,270372104
2019-10-31,12225.28,12225.28,12056.0,12056.0,746104287
2019-11-01,11944.54,12133.86,11866.68,12056.0,275868772
2019-11-04,12061.23,12566.6,11757.21,12262.58,470599690
2019-11-05,12263.6,12495.85,12139.98,12372.23,897789933
2019-11-06,12331.49,12444.23,12309.6,12422.33,349403772
2019-11-07,12443.94,12617.63,12284.24,12457.92,449220353
2019-11-08,12424.74,12737.01,12158.72,12470.99,276181111
2019-11-11,12482.32,12688.02,12170.82,12376.52,557801328
2019-11-12,12434.11,12434.11,12097.36,12097.36,684812389
2019-11-13,12125.27,12428.16,11925.35,12228.25,558678889
2019-11-14,12355.36,12388.95,12242.38,12275.97,275389259
2019-11-15,12236.52,12721.21,12236.52,12721.21,2474702120
2019-11-18,12684.24,12829.11,12549.65,12694.52,411131364
2019-11-19,12666.43,12810.66,12551.46,12695.7,382480578
2019-11-20,12707.43,12707.43,12331.79,12331.79,1023093934
2019-11-21,12343.91,12934.58,12157.3,12747.97,1175290711
2019-11-22,12840.46,12840.46,12631.25,12631.25,341933484
2019-11-25,12613.92,12815.38,12612.04,12813.5,1323131174
2019-11-26,12773.14,12864.27,12528.08,12619.2,461015590
2019-11-27,12544.98,12544.98,12416.63,12416.63,580624420
2019-11-28,12337.48,12369.76,12082.38,12114.66,1426076695
2019-11-29,12156.02,12320.58,12003.43,12168.0,689649883
2019-12-02,12159.68,12554.17,11773.51,12168.0,249442206
2019-12-03,12112.95,12112.95,12000.95,12000.95,728546372
2019-12-04,12004.8,12141.47,11940.06,12076.73,673727651
2019-12-05,12064.51,12207.66,12025.85,12168.99,516545830
2019-12-06,12243.61,12375.29,12243.61,12375.29,1034893146
2019-12-09,12470.4,12492.51,12360.76,12382.86,162509294
2019-12-10,12402.29,12402.29,12339.25,12339.25,258203831
2019-12-11,12280.76,12395.84,12261.43,12376.51,472990101
2019-12-12,12390.95,12390.95,12205.72,12205.72,306591214
2019-12-13,12235.25,12500.4,12140.03,12405.18,709812978
2019-12-16,12389.04,12489.66,12380.69,12481.31,723315155
2019-12-17,12437.52,12941.72,12098.87,12603.07,794770561
2019-12-18,12565.9,12622.21,12527.85,12584.16,368466981
2019-12-19,12671.68,12671.68,12394.55,12394.55,781714591
2019-12-20,12436.57,12477.49,12101.44,12142.36,494442697
2019-12-23,12126.41,12619.93,11651.59,12145.12,369978363
2019-12-24,12161.69,12212.46,12044.66,12095.43,353515433
2019-12-25,12101.55,12199.74,11833.87,11932.06,185917814
2019-12-26,11964.88,12003.06,11929.79,11967.97,428591137
2019-12-27,12052.16,12204.66,11884.45,12036.96,487364894
2019-12-30,12090.82,12208.0,11963.37,12080.56,432990272
2019-12-31,11954.38,12218.2,11699.18,11963.0,700843039
2020-01-01,12042.22,12048.74,11956.48,11963.0,308221354
2020-01-02,12001.8,12150.65,12001.8,12150.65,972370868
2020-01-03,12167.84,12483.99,11407.83,11723.98,1947719615
2020-01-06,11761.27,11958.53,11617.02,11814.28,489169707
2020-01-07,11842.49,11895.78,11713.3,11766.59,368312833
2020-01-08,11713.27,11767.67,11598.45,11652.85,897069110
2020-01-09,11631.28,11829.07,11405.46,11603.25,407126559
2020-01-10,11582.24,11760.29,11415.51,11593.56,231250714
2020-01-13,11675.94,11963.37,11576.0,11863.43,286248023
2020-01-14,12002.23,12218.33,11579.74,11795.84,543882552
2020-01-15,11793.72,11951.02,11793.72,11951.02,638739219
2020-01-16,12045.19,12147.85,11999.64,12102.31,711278944
2020-01-17,12143.11,12322.18,11917.96,12097.03,220387176
2020-01-20,12005.83,12112.58,11790.44,11897.19,382600173
2020-01-21,11837.17,12043.22,11837.17,12043.22,678928584
2020-01-22,11881.04,12106.13,11845.56,12070.65,223605400
2020-01-23,12039.34,12142.27,11785.04,11887.97,1246450744
2020-01-24,11932.83,12024.56,11905.61,11997.35,515538462
2020-01-27,11954.42,12032.85,11697.51,11775.94,749191222
2020-01-28,11784.52,11864.4,11656.89,11736.78,334002384
2020-01-29,11786.65,11856.04,11599.08,11668.48,513133981
2020-01-30,11675.75,12030.62,10946.3,11301.17,1079483680
2020-01-31,11304.58,11317.92,11188.66,11202.0,409314263
2020-02-03,10949.02,11303.92,10847.1,11202.0,234238390
2020-02-04,11216.97,11295.76,10814.89,10893.69,708335258
2020-02-05,10930.4,10930.5,10619.18,10619.28,831422902
2020-02-06,10516.69,10559.77,10262.6,10305.68,1260062567
2020-02-07,10249.04,10678.68,10249.04,10678.68,570529378
2020-02-10,10611.91,10611.91,10221.88,10221.88,499902425
2020-02-11,10204.3,10876.57,9302.57,9974.84,465976590
2020-02-12,10000.62,10076.38,9398.65,9474.41,1038200924
2020-02-13,9464.3,10176.86,8818.78,9531.34,411401255
2020-02-14,9523.45,9885.25,9252.29,9614.09,600175817
2020-02-17,9681.31,9681.31,9488.26,9488.26,367717812
2020-02-18,9510.72,9632.16,9093.33,9214.77,870695623
2020-02-19,9249.08,9486.85,8930.05,9167.82,299991035
2020-02-20,9212.43,9262.69,9071.82,9122.08,407411206
2020-02-21,9211.33,9314.93,8931.68,9035.28,281988299
2020-02-24,9165.68,9606.97,8905.0,9346.29,1004653753
2020-02-25,9369.98,9369.98,9091.44,9091.44,671404784
2020-02-26,9018.76,9032.41,8906.11,8919.76,511596777
2020-02-27,8939.2,9259.38,8818.41,9138.59,923511658
2020-02-28,9053.35,9053.35,8598.0,8598.0,1283306167
2020-03-02,8583.24,8722.17,8459.07,8598.0,271358382
2020-03-03,8633.55,8760.92,8219.32,8346.68,652628716
2020-03-04,8203.05,8822.11,8203.05,8822.11,327351218
2020-03-05,8858.28,9722.55,8547.62,9411.89,884358977
2020-03-06,9687.04,10183.31,9198.47,9694.74,378185370
2020-03-09,9830.4,10239.06,9370.6,9779.26,228668546
2020-03-10,9807.96,10544.35,9174.17,9910.56,1164139926
2020-03-11,10171.3,10391.8,10166.17,10386.66,973242056
2020-03-12,10131.81,10679.5,10131.81,10679.5,891898242
2020-03-13,10215.94,10997.22,9840.97,10622.25,276424339
2020-03-16,10581.01,11135.16,10273.85,10828.0,547332949
2020-03-17,10596.39,11276.51,9600.81,10280.93,616650206
2020-03-18,10222.27,11137.11,9093.42,10008.26,757781128
2020-03-19,10059.59,11749.19,10059.59,11749.19,1414614436
2020-03-20,11495.36,11702.19,10952.98,11159.81,634950616
2020-03-23,11265.69,11265.69,10562.57,10562.57,329009118
2020-03-24,10689.39,11076.84,10609.3,10996.76,534499314
2020-03-25,10838.13,11216.5,10613.72,10992.08,325450204
2020-03-26,11073.31,12728.0,11073.31,12728.0,1072478538
2020-03-27,12733.27,12733.27,11191.31,11191.31,1441040683
2020-03-30,11369.84,11619.23,9959.17,10208.56,755236988
2020-03-31,10539.11,10539.11,9860.0,9860.0,240321111
2020-04-01,9807.34,10441.3,9226.04,9860.0,213975871
2020-04-02,9794.5,10262.87,8634.03,9102.39,1448607068
2020-04-03,9055.67,9374.47,8639.29,8958.09,396882340
2020-04-06,8766.13,9229.32,8690.74,9153.93,291630027
2020-04-07,9041.05,9273.1,8865.58,9097.63,246424736
2020-04-08,9021.9,9021.9,8710.03,8710.03,317178163
2020-04-09,8828.59,8860.38,8639.56,8671.36,380707290
2020-04-10,8572.76,8576.38,8353.87,8357.49,348453472
2020-04-13,8353.4,8620.36,8353.4,8620.36,829153840
2020-04-14,8682.0,9319.06,8682.0,9319.06,781595440
2020-04-15,9285.1,10023.43,9243.44,9981.76,884441708
2020-04-16,9782.33,10281.1,9584.61,10083.37,345985333
2020-04-17,9915.77,10318.68,9898.5,10301.42,379779660
2020-04-20,10275.34,10543.84,10013.76,10282.26,157590501
2020-04-21,10359.94,10713.99,10076.25,10430.3,516178253
2020-04-22,10440.53,11063.19,10131.49,10754.15,406150438
2020-04-23,11016.75,11328.29,10473.38,10784.93,320262114
2020-04-24,10806.98,11171.67,10329.31,10694.0,211754972
2020-04-27,10567.75,11245.24,9632.56,10310.05,536756766
2020-04-28,10377.67,10514.9,10115.33,10252.57,413231688
2020-04-29,10189.64,10189.64,9450.32,9450.32,1209494524
2020-04-30,9420.49,9776.19,9224.3,9580.0,517886632
2020-05-01,9624.51,10055.2,9149.31,9580.0,462595475
2020-05-04,9547.72,9765.66,9539.49,9757.42,239952918
2020-05-05,9759.32,10107.26,9408.0,9755.93,303684525
2020-05-06,9847.42,10024.13,9674.19,9850.9,579781278
2020-05-07,9812.7,9959.7,9728.27,9875.27,304811668
2020-05-08,9912.63,10569.47,9317.08,9973.92,492843550
2020-05-11,10064.15,10064.15,9525.68,9525.68,1001438228
2020-05-12,9521.98,9609.47,9471.26,9558.75,370789281
2020-05-13,9534.36,10188.87,9534.36,10188.87,1707131097
2020-05-14,10087.58,10146.42,9921.1,9979.94,333257637
2020-05-15,10070.17,10086.12,9857.61,9873.57,499254464
2020-05-18,9952.43,10354.09,9590.09,9991.75,599778828
2020-05-19,10122.53,10702.77,9585.75,10165.99,664433621
2020-05-20,10114.64,10225.91,10058.37,10169.65,316193667
2020-05-21,10223.44,10952.07,9665.67,10394.3,412278114
2020-05-22,10353.31,10450.65,10302.69,10400.02,259240636
2020-05-25,10387.34,10963.8,9997.61,10574.07,1119751351
2020-05-26,10602.4,10613.48,10378.5,10389.58,535341619
2020-05-27,10478.33,10541.74,10321.67,10385.08,205513305
2020-05-28,10242.05,10391.76,10158.8,10308.51,610628227
2020-05-29,10314.75,10534.35,10082.4,10302.0,296808637
2020-06-01,10239.62,10366.71,10174.91,10302.0,415887774
2020-06-02,10308.54,10523.34,10146.82,10361.62,539422673
2020-06-03,10330.0,10636.73,10056.36,10363.09,358733916
2020-06-04,10287.11,10610.89,10287.11,10610.89,1920233377
2020-06-05,10629.96,10705.82,10569.55,10645.41,426528743
2020-06-08,10622.86,10770.16,10332.57,10479.87,960327793
2020-06-09,10476.91,10638.98,10476.91,10638.98,537887473
2020-06-10,10658.52,10706.47,10603.61,10651.56,478412444
2020-06-11,10687.18,10687.18,10391.68,10391.68,944434063
2020-06-12,10380.2,10561.66,10224.23,10405.7,279652463
2020-06-15,10424.8,10594.03,10424.8,10594.03,822684094
2020-06-16,10519.08,10765.09,10459.83,10705.84,657176287
2020-06-17,10719.69,10956.48,10437.69,10674.48,487473283
2020-06-18,10609.94,10814.36,10541.55,10745.97,888025385
2020-06-19,10726.67,10906.94,10726.67,10906.94,460290851
2020-06-22,10851.32,11160.76,10704.07,11013.51,760661204
2020-06-23,11065.1,11170.93,11015.78,11121.61,456092250
2020-06-24,11101.3,11253.77,10924.11,11076.58,135148239
2020-06-25,11068.51,11126.3,10949.37,11007.17,618024473
2020-06-26,11061.95,11071.88,10895.28,10905.21,726634769
2020-06-29,10902.75,11014.11,10902.75,11014.11,809770036
2020-06-30,11047.75,11254.05,10866.7,11073.0,285049066
2020-07-01,11092.88,11283.65,10882.23,11073.0,297102988
2020-07-02,11038.34,11114.2,11038.34,11114.2,381833734
2020-07-03,11101.21,11197.81,10740.88,10837.48,803634191
2020-07-06,10839.08,10964.61,10766.5,10892.03,270408940
2020-07-07,10846.47,11157.42,10846.47,11157.42,833405784
2020-07-08,11174.54,11283.15,11145.28,11253.89,216394599
2020-07-09,11221.25,11632.33,11172.81,11583.88,1687096043
2020-07-10,11581.46,11767.86,11356.12,11542.52,803098226
2020-07-13,11603.77,11792.96,11358.77,11547.95,296897380
2020-07-14,11551.41,11798.88,11369.53,11617.0,611837231
2020-07-15,11568.03,11672.02,11518.61,11622.6,226641292
2020-07-16,11611.61,11831.85,11611.61,11831.85,991858007
2020-07-17,11782.39,11855.89,11742.52,11816.01,234879057
2020-07-20,11918.78,11963.4,11652.05,11696.67,616109797
2020-07-21,11629.52,11948.2,11629.52,11948.2,835904404
2020-07-22,11935.26,11935.26,11741.46,11741.46,1132307048
2020-07-23,11693.83,11693.83,11513.75,11513.75,526264137
2020-07-24,11592.97,11592.97,11519.6,11519.6,445017929
2020-07-27,11521.4,11521.4,11239.2,11239.2,666763208
2020-07-28,11220.91,11458.96,11220.91,11458.96,708628713
2020-07-29,11449.73,11603.12,11354.91,11508.3,357128017
2020-07-30,11547.51,11655.57,11354.38,11462.44,742681249
2020-07-31,11501.88,11617.82,11271.06,11387.0,592414071
2020-08-03,11341.32,11444.08,11284.24,11387.0,281339300
2020-08-04,11320.32,11349.7,11201.46,11230.84,516615016
2020-08-05,11250.73,11319.95,11206.7,11275.92,462712708
2020-08-06,11298.57,11298.57,11080.8,11080.8,684665291
2020-08-07,11057.79,11159.26,10888.47,10989.94,762576010
2020-08-10,10995.25,11185.73,10838.94,11029.42,704639025
2020-08-11,11029.52,11100.91,10901.02,10972.41,246627117
2020-08-12,10968.49,11076.42,10801.52,10909.44,438572537
2020-08-13,10940.35,11035.78,10827.63,10923.06,220241891
2020-08-14,10946.22,11380.93,10708.04,11142.76,623774890
2020-08-17,11140.22,11452.69,10821.83,11134.31,165860854
2020-08-18,11142.74,11142.74,10970.82,10970.82,464221612
2020-08-19,10882.03,11073.64,10722.15,10913.75,268205299
2020-08-20,11018.09,11325.94,10948.32,11256.17,1454470717
2020-08-21,11235.34,11753.7,11013.64,11531.99,622723128
2020-08-24,11522.67,11646.41,11401.43,11525.17,688696389
2020-08-25,11439.23,11461.85,11335.2,11357.81,507538529
2020-08-26,11353.93,11368.14,11212.21,11226.43,570294641
2020-08-27,11237.44,11269.12,11110.2,11141.88,611237283
2020-08-28,11177.81,11285.25,11112.72,11220.17,483930168
2020-08-31,11225.29,11431.49,11041.8,11248.0,860074567
2020-09-01,11168.44,11529.86,10886.58,11248.0,254884199
2020-09-02,11199.79,11362.87,11177.53,11340.61,422319013
2020-09-03,11359.06,11461.21,11344.13,11446.28,702567009
2020-09-04,11424.85,11428.33,11149.8,11153.28,1187774752
2020-09-07,11115.88,11196.13,10852.36,10932.61,1295074267
2020-09-08,10960.78,10960.78,10725.23,10725.23,1130572918
2020-09-09,10787.43,11354.69,10316.21,10883.47,775491265
2020-09-10,10901.52,10949.55,10881.63,10929.66,398458642
2020-09-11,10946.85,11100.77,10847.52,11001.44,398270732
2020-09-14,10926.68,11072.83,10363.06,10509.21,1189178808
2020-09-15,10481.03,10527.24,10384.47,10430.69,432750855
2020-09-16,10445.7,10569.92,10445.7,10569.92,466834266
2020-09-17,10608.35,10833.55,10290.38,10515.58,313633317
2020-09-18,10552.62,10761.24,10360.59,10569.22,629870052
2020-09-21,10715.97,10716.91,10581.48,10582.42,476699999
2020-09-22,10542.71,10790.44,10542.71,10790.44,758921552
2020-09-23,10869.46,11120.25,10869.46,11120.25,1927756501
2020-09-24,11060.44,11383.2,11060.44,11383.2,1082758957
2020-09-25,11310.67,11499.6,11310.67,11499.6,600816189
2020-09-28,11544.1,11544.1,11255.36,11255.36,1026392938
2020-09-29,11207.89,11519.76,11081.08,11392.96,573130838
2020-09-30,11295.19,12070.11,10867.08,11642.0,1263743262
2020-10-01,11592.39,11678.63,11555.76,11642.0,402660657
2020-10-02,11660.92,11795.13,11612.75,11746.96,352689357
2020-10-05,11793.62,11838.89,11718.9,11764.17,646278223
2020-10-06,11718.95,11765.34,11697.24,11743.63,372990301
2020-10-07,11748.78,11906.97,11675.25,11833.44,859936962
2020-10-08,11831.31,12071.11,11703.62,11943.42,668657223
2020-10-09,11904.21,12134.67,11757.78,11988.23,273374915
2020-10-12,12049.42,12404.02,11575.64,11930.24,744810447
2020-10-13,11937.12,12464.28,11937.12,12464.28,1258165632
2020-10-14,12502.35,12951.15,12305.84,12754.64,595455629
2020-10-15,12781.52,12804.61,12704.91,12728.0,311751285
2020-10-16,12786.48,12852.68,12721.69,12787.89,545616457
2020-10-19,12682.08,12746.68,12343.14,12407.73,1183119403
2020-10-20,12326.59,12525.07,12250.66,12449.13,282503521
2020-10-21,12450.29,12674.9,12448.11,12672.72,1429510483
2020-10-22,12628.52,12795.31,12503.88,12670.66,350881370
2020-10-23,12691.7,12986.75,12455.81,12750.86,521958887
2020-10-26,12843.03,12962.07,12817.86,12936.9,1023806009
2020-10-27,12981.0,12981.0,12511.01,12511.01,1650784051
2020-10-28,12571.65,12576.82,12496.1,12501.27,323817860
2020-10-29,12507.76,12621.56,12453.62,12567.41,186438178
2020-10-30,12531.44,12968.0,12531.44,12968.0,728264510
2020-11-02,12964.8,13254.25,12678.55,12968.0,235821002
2020-11-03,12940.13,13159.65,12491.47,12710.98,848868568
2020-11-04,12693.34,12831.42,12542.38,12680.45,385317012
2020-11-05,12650.57,12741.99,12608.58,12699.99,661808441
2020-11-06,12796.93,12826.08,12650.78,12679.93,433768324
2020-11-09,12676.37,12710.48,12645.97,12680.08,218382145
2020-11-10,12728.82,12897.23,12596.0,12764.41,450933863
2020-11-11,12840.31,13357.66,12452.14,12969.49,613859134
2020-11-12,13024.63,13106.88,12971.7,13053.95,734125428
2020-11-13,13016.56,13156.49,13016.56,13156.49,563988775
2020-11-16,13221.07,13246.39,13138.44,13163.76,178453727
2020-11-17,13111.28,13166.65,13077.72,13133.08,306390433
2020-11-18,13053.05,13170.25,12917.52,13034.72,249400155
2020-11-19,13050.76,13341.97,12991.85,13283.06,991460600
2020-11-20,13349.96,13433.13,13287.46,13370.63,223185680
2020-11-23,13352.75,14070.07,13259.63,13976.95,1928864104
2020-11-24,13977.25,14262.12,13610.32,13895.19,476348587
2020-11-25,13800.83,13800.83,13644.24,13644.24,765886728
2020-11-26,13673.78,14034.36,13332.27,13692.85,508989954
2020-11-27,13661.47,13744.65,13615.0,13698.18,420485672
2020-11-30,13734.11,13982.0,13734.11,13982.0,1151872277
2020-12-01,14000.89,14035.24,13947.65,13982.0,181304074
2020-12-02,13925.79,13988.72,13853.44,13916.37,307700124
2020-12-03,13911.83,13911.83,13366.74,13366.74,1517630974
2020-12-04,13366.41,13366.41,13219.99,13219.99,334053320
2020-12-07,13216.99,13593.58,13216.99,13593.58,1605259173
2020-12-08,13500.28,13605.84,13393.23,13498.79,456708286
2020-12-09,13508.1,13633.93,13336.48,13462.31,323818494
2020-12-10,13563.68,13909.02,13056.76,13402.11,263114257
2020-12-11,13434.84,13534.78,13251.98,13351.92,179958437
2020-12-14,13387.62,13730.79,13161.52,13504.69,827435220
2020-12-15,13495.37,13495.37,12732.03,12732.03,1189841647
2020-12-16,12678.84,12800.96,12600.74,12722.86,362987468
2020-12-17,12803.35,12881.83,12553.59,12632.07,542163176
2020-12-18,12615.99,12854.76,12615.99,12854.76,608614119
2020-12-21,12833.48,13192.21,12705.32,13064.05,782096759
2020-12-22,13014.71,13187.0,13009.0,13181.29,662211716
2020-12-23,13125.64,13125.64,13011.8,13011.8,808622030
2020-12-24,13012.72,13323.49,12976.18,13286.95,1457876366
2020-12-25,13332.25,13454.27,13258.39,13380.4,994043103
2020-12-28,13323.89,13410.68,13306.73,13393.52,228943393
2020-12-29,13258.43,13611.51,13258.43,13611.51,646225906
2020-12-30,13657.21,14004.86,13316.14,13663.79,437793021
2020-12-31,13698.32,13716.46,13616.87,13635.0,422419858
2021-01-01,13635.72,13870.24,13400.48,13635.0,151163253
2021-01-04,13611.21,14151.29,13611.21,14151.29,1065262627
2021-01-05,14237.7,14237.7,13713.12,13713.12,1525482659
2021-01-06,13752.97,13871.39,13668.04,13786.46,541917663
2021-01-07,13836.59,14265.65,13514.34,13943.4,540169887
2021-01-08,13970.59,14259.52,13696.13,13985.06,390470940
2021-01-11,13982.82,14180.14,13908.42,14105.74,378504339
2021-01-12,14103.11,14407.18,13984.46,14288.53,659081779
2021-01-13,14217.86,14589.06,14163.89,14535.09,508607944
2021-01-14,14570.25,15006.51,14264.71,14700.96,355101619
2021-01-15,14724.32,15212.81,14724.32,15212.81,1494949204
2021-01-18,15208.56,15690.83,14714.03,15196.29,601574753
2021-01-19,15260.56,15561.74,14964.51,15265.69,456830339
2021-01-20,15312.68,15660.94,14795.51,15143.76,459683817
2021-01-21,15102.71,15102.71,15006.78,15006.78,482995043
2021-01-22,15022.61,15309.41,14949.5,15236.3,824652550
2021-01-25,15148.63,15185.74,14974.04,15011.15,1281867419
2021-01-26,15039.92,15039.92,14676.32,14676.32,512171885
2021-01-27,14708.33,14726.85,14635.74,14654.26,546029241
2021-01-28,14646.46,14846.59,14646.46,14846.59,671539675
2021-01-29,14824.74,14824.74,14529.0,14529.0,768665876
2021-02-01,14538.83,14576.14,14491.69,14529.0,223422435
2021-02-02,14517.34,14517.34,14091.79,14091.79,725357489
2021-02-03,14102.07,14333.79,13814.54,14046.25,529943202
2021-02-04,14074.0,14474.64,13611.68,14012.32,390142187
2021-02-05,13969.33,14227.56,13940.69,14198.92,702531758
2021-02-08,14301.7,14301.7,14002.64,14002.64,1101575462
2021-02-09,14025.34,14254.36,13816.57,14045.58,347616465
2021-02-10,14032.57,14161.04,13790.5,13918.97,538165465
2021-02-11,13946.97,14231.18,13702.81,13987.03,589155938
2021-02-12,13946.1,14173.93,13946.1,14173.93,1120319708
2021-02-15,14150.2,14410.67,13855.26,14115.73,371296819
2021-02-16,14117.64,14372.58,13805.01,14059.95,463357292
2021-02-17,14071.38,14393.67,13712.48,14034.77,426053047
2021-02-18,14005.62,14245.99,14005.62,14245.99,1096239386
2021-02-19,13978.15,14697.91,13978.15,14697.91,1435874158
2021-02-22,14572.25,15129.48,14572.25,15129.48,1903619860
2021-02-23,15190.27,15865.39,14220.22,14895.34,685422635
2021-02-24,14923.81,14951.78,14694.5,14722.48,927309287
2021-02-25,14759.36,14759.36,14344.48,14344.48,814301416
2021-02-26,14386.99,14691.0,14386.99,14691.0,1922147924
2021-03-01,14670.09,14807.94,14553.15,14691.0,280828339
2021-03-02,14714.84,15104.74,14714.84,15104.74,1109443998
2021-03-03,15123.26,15471.2,14850.63,15198.57,659784875
2021-03-04,15219.25,15483.46,14883.48,15147.69,341282351
2021-03-05,15181.62,15423.69,14870.22,15112.29,273234082
2021-03-08,15114.12,15180.77,15109.15,15175.8,345044941
2021-03-09,15142.77,15142.77,14993.53,14993.53,308523341
2021-03-10,15008.4,15293.17,14900.28,15185.05,859517429
2021-03-11,15308.34,15308.34,14773.68,14773.68,857426218
2021-03-12,14710.8,14964.65,14402.49,14656.35,244139036
2021-03-15,14742.43,14742.43,14539.21,14539.21,622854531
2021-03-16,14652.02,15214.46,14149.33,14711.77,511249602
2021-03-17,14802.35,15268.84,14308.42,14774.92,510201789
2021-03-18,14790.66,15064.1,14634.29,14907.72,438498068
2021-03-19,14789.77,14820.82,14735.37,14766.42,473231257
2021-03-22,14804.3,14804.3,14557.28,14557.28,658283994
2021-03-23,14571.43,14623.82,14413.82,14466.21,665907730
2021-03-24,14476.54,14707.23,14269.86,14500.55,248641884
2021-03-25,14306.01,14538.07,14285.07,14517.13,361164384
2021-03-26,14516.64,14857.13,14516.64,14857.13,735756043
2021-03-29,14887.2,15233.84,14370.7,14717.34,560289337
2021-03-30,14718.4,14718.4,14564.06,14564.06,1975640729
2021-03-31,14576.24,14641.27,14565.98,14631.0,173701304
2021-04-01,14701.97,14711.78,14621.19,14631.0,353611778
2021-04-02,14663.64,14736.57,14639.31,14712.24,601227106
2021-04-05,14617.64,15020.32,14475.91,14878.59,427590399
2021-04-06,14903.33,15190.17,14903.33,15190.17,935874225
2021-04-07,15264.9,15264.9,15054.55,15054.55,362930313
2021-04-08,14999.88,15130.37,14880.6,15011.1,329779431
2021-04-09,14791.91,14954.65,14791.91,14954.65,993018251
2021-04-12,14916.49,14916.49,14579.26,14579.26,2042279852
2021-04-13,14587.54,14587.54,14416.53,14416.53,471949107
2021-04-14,14410.05,14624.13,14277.81,14491.89,441978362
2021-04-15,14528.21,14580.3,14460.61,14512.69,310668986
2021-04-16,14670.5,14922.47,14314.29,14566.26,427280691
2021-04-19,14576.91,14633.22,14558.28,14614.59,619216213
2021-04-20,14597.17,14764.85,14512.03,14679.71,214235198
2021-04-21,14647.15,14941.14,14647.15,14941.14,725126907
2021-04-22,14975.44,15377.07,14856.84,15258.46,575926443
2021-04-23,15348.32,15364.15,15249.13,15264.97,456887885
2021-04-26,15236.03,15251.04,15085.87,15100.88,882270427
2021-04-27,15126.24,15368.65,15000.3,15242.71,1301630934
2021-04-28,15192.07,15599.27,15055.42,15462.63,771295865
2021-04-29,15370.29,16062.35,14932.8,15624.86,731857874
2021-04-30,15604.05,15733.54,15452.51,15582.0,289624433
2021-05-03,15611.27,15720.27,15473.0,15582.0,321007971
2021-05-04,15493.27,15861.4,15489.31,15857.44,782610876
2021-05-05,15729.03,15729.03,15612.49,15612.49,841722730
2021-05-06,15781.58,15781.58,15443.03,15443.03,483450971
2021-05-07,15369.64,15717.27,15369.64,15717.27,804656247
2021-05-10,15662.65,16032.09,15662.65,16032.09,744574796
2021-05-11,16029.71,16291.45,15934.38,16196.12,308655261
2021-05-12,16176.72,16215.97,16059.89,16099.13,435079486
2021-05-13,16198.37,16461.57,16051.8,16315.0,842218125
2021-05-14,16416.06,16540.29,16182.96,16307.19,367390036
2021-05-17,16377.68,16398.26,16228.22,16248.8,574150511
2021-05-18,16147.55,16508.06,16147.55,16508.06,495582992
2021-05-19,16563.19,16872.73,16120.14,16429.68,401000137
2021-05-20,16522.24,16743.71,16289.34,16510.81,660426297
2021-05-21,16437.47,16584.76,16174.64,16321.93,704519476
2021-05-24,16206.63,16370.71,16206.63,16370.71,319127566
2021-05-25,16403.02,16683.06,16068.21,16348.26,708039122
2021-05-26,16519.68,16521.11,16314.66,16316.09,355883290
2021-05-27,16226.67,16461.17,15959.28,16193.78,743380747
2021-05-28,16148.9,16148.9,15807.37,15807.37,1521613999
2021-05-31,15884.02,15912.44,15693.58,15722.0,433353979
2021-06-01,15705.08,15814.99,15612.09,15722.0,450134371
2021-06-02,15707.41,16232.64,15241.16,15766.39,445385664
2021-06-03,15795.69,16032.58,15716.99,15953.89,706554693
2021-06-04,15931.48,15958.56,15883.04,15910.11,329741564
2021-06-07,16027.2,16162.94,15733.97,15869.7,314810559
2021-06-08,15810.87,16444.15,15810.87,16444.15,1611269642
2021-06-09,16558.58,17032.31,16049.67,16523.4,440092007
2021-06-10,16512.53,16698.33,16512.53,16698.33,685962380
2021-06-11,16730.66,16785.91,16463.44,16518.69,500334364
2021-06-14,16639.5,16832.0,16221.98,16414.48,1317309578
2021-06-15,16325.92,16601.8,16150.16,16426.04,203482897
2021-06-16,16489.07,16508.75,16332.29,16351.97,504396134
2021-06-17,16389.02,16389.02,15848.26,15848.26,832542366
2021-06-18,15846.9,16104.31,15787.66,16045.08,319812987
2021-06-21,15967.99,16199.87,15967.99,16199.87,720873522
2021-06-22,16242.27,16337.71,16242.27,16337.71,240277953
2021-06-23,16384.12,16622.75,16382.75,16621.38,240250249
2021-06-24,16491.56,16491.56,16320.27,16320.27,1062119115
2021-06-25,16393.6,16393.6,15943.83,15943.83,3211987565
2021-06-28,15991.32,16513.54,15179.82,15702.04,329698025
2021-06-29,15688.13,15688.13,15397.93,15397.93,833512434
2021-06-30,15449.41,15783.15,15429.26,15763.0,710593996
2021-07-01,15774.9,15928.52,15609.38,15763.0,258485026
2021-07-02,15851.09,15851.09,15672.0,15672.0,432025092
2021-07-05,15634.1,15674.79,15579.87,15620.56,293250774
2021-07-06,15570.35,15971.34,15570.35,15971.34,1567242134
2021-07-07,15966.16,16108.0,15966.16,16108.0,666399065
2021-07-08,16147.21,16147.21,15531.87,15531.87,1155273871
2021-07-09,15543.91,15782.08,14894.63,15132.8,787768671
2021-07-12,15192.58,15345.89,15080.96,15234.26,501138366
2021-07-13,15171.21,15356.8,15076.47,15262.06,182015666
2021-07-14,15367.54,15367.54,15281.35,15281.35,339525714
2021-07-15,15296.09,15572.1,15046.8,15322.82,343435933
2021-07-16,15362.64,15832.27,15362.64,15832.27,343850598
2021-07-19,15764.21,16233.96,15399.35,15869.1,192957140
2021-07-20,15897.04,16884.63,15897.04,16884.63,986628770
2021-07-21,16939.84,17028.28,16908.32,16996.77,461665382
2021-07-22,16925.46,17442.62,16556.42,17073.57,599747746
2021-07-23,17151.42,17230.48,16855.3,16934.36,462469629
2021-07-26,16810.46,16923.39,16713.34,16826.28,421906006
2021-07-27,16729.96,17157.65,16650.86,17078.56,816801033
2021-07-28,17031.46,17325.14,16871.03,17164.7,579294244
2021-07-29,17190.19,17530.54,16568.51,16908.86,1285633277
2021-07-30,16937.09,16937.09,16705.0,16705.0,530405150
2021-08-02,16666.81,16826.28,16545.53,16705.0,390348145
2021-08-03,16652.58,16743.2,16581.44,16672.05,282478504
2021-08-04,16814.12,16873.63,16668.51,16728.02,353721344
2021-08-05,16772.53,16772.53,16332.57,16332.57,1171809996
2021-08-06,16258.97,16304.14,16149.77,16194.94,456497987
2021-08-09,16158.82,16199.67,16070.76,16111.61,292880881
2021-08-10,16117.83,16117.83,16019.74,16019.74,524401307
2021-08-11,16044.02,16358.47,16024.85,16339.31,1030443507
2021-08-12,16258.61,16706.71,15945.43,16393.53,249379516
2021-08-13,16299.98,16553.3,16246.12,16499.45,616370138
2021-08-16,16505.07,16505.07,16256.18,16256.18,236928051
2021-08-17,16193.91,16640.87,16193.91,16640.87,2025676844
2021-08-18,16582.96,16897.62,16572.61,16887.28,275232936
2021-08-19,16807.62,17230.61,16807.62,17230.61,524887356
2021-08-20,17287.99,17558.31,17287.99,17558.31,1026953012
2021-08-23,17506.74,17754.78,17504.04,17752.09,618836388
2021-08-24,17726.61,17845.89,17704.24,17823.51,312831318
2021-08-25,17901.16,17901.16,17680.63,17680.63,729045093
2021-08-26,17756.25,18061.58,17203.93,17509.27,525306917
2021-08-27,17456.13,18083.09,16912.98,17539.95,260399215
2021-08-30,17563.05,17862.25,17354.35,17653.55,481268169
2021-08-31,17838.52,18253.88,17202.64,17618.0,1172204665
2021-09-01,17693.6,17743.29,17568.31,17618.0,408510878
2021-09-02,17596.39,17675.13,17556.44,17635.18,170919530
2021-09-03,17672.28,17672.28,17564.24,17564.24,644604282
2021-09-06,17553.57,17801.23,17325.63,17573.28,314114829
2021-09-07,17462.61,17601.57,17430.07,17569.04,384337759
2021-09-08,17489.37,17503.43,17316.12,17330.18,277090256
2021-09-09,17437.65,17744.61,16966.83,17273.79,713636594
2021-09-10,17418.97,18075.52,17020.34,17676.9,868104509
2021-09-13,17642.73,17890.35,17446.42,17694.04,248538059
2021-09-14,17537.86,17537.86,16865.37,16865.37,2567123015
2021-09-15,16843.77,16902.56,16669.73,16728.52,381419083
2021-09-16,16643.97,17089.02,16461.13,16906.18,512546827
2021-09-17,17057.81,17372.46,16698.42,17013.07,228891979
2021-09-20,16937.69,16988.29,16786.39,16837.0,819652506
2021-09-21,16791.09,16791.09,16619.26,16619.26,638607544
2021-09-22,16734.18,16947.22,16715.32,16928.36,948153020
2021-09-23,16734.97,16997.95,16713.98,16976.96,345586055
2021-09-24,17073.4,17495.26,16801.07,17222.93,313403312
2021-09-27,17134.29,17553.87,17134.29,17553.87,1541776141
2021-09-28,17496.14,17715.11,17226.51,17445.49,448002373
2021-09-29,17364.41,18390.35,16978.32,18004.25,1120521286
2021-09-30,17854.53,18286.07,17683.46,18115.0,385666788
2021-10-01,18104.22,18273.64,17945.58,18115.0,393134653
2021-10-04,18056.9,18494.3,18045.32,18482.72,850699111
2021-10-05,18416.9,18416.9,18124.25,18124.25,839433546
2021-10-06,18119.36,18429.08,17909.3,18219.02,216865828
2021-10-07,18158.59,18158.59,17919.38,17919.38,1075721560
2021-10-08,17871.37,18382.61,17421.66,17932.9,486936185
2021-10-11,17948.93,18288.6,17421.15,17760.82,721483697
2021-10-12,17760.18,17798.0,17650.11,17687.94,297410339
2021-10-13,17635.4,17886.0,17316.51,17567.11,831796196
2021-10-14,17568.65,17615.9,17372.71,17419.96,677196057
2021-10-15,17397.73,17621.53,17211.78,17435.57,299799530
2021-10-18,17386.06,17386.06,16949.56,16949.56,968994465
2021-10-19,17012.33,17164.05,16699.49,16851.21,415230559
2021-10-20,16839.91,16953.59,16466.32,16580.0,640359677
2021-10-21,16486.49,16736.59,16464.48,16714.58,324575865
2021-10-22,16795.9,17118.74,16795.9,17118.74,892779326
2021-10-25,17208.68,17335.68,17089.94,17216.94,798907890
2021-10-26,17154.02,17788.46,16625.58,17260.01,283264381
2021-10-27,17277.84,17277.84,16837.26,16837.26,834123997
2021-10-28,16909.91,16921.84,16681.52,16693.45,401244989
2021-10-29,16759.71,16983.0,16759.71,16983.0,443834967
2021-11-01,16968.26,17029.43,16921.83,16983.0,325110701
2021-11-02,17022.05,17151.75,16851.81,16981.51,976223758
2021-11-03,16972.84,17157.44,16891.94,17076.53,573423071
2021-11-04,17147.85,17301.66,16644.95,16798.76,299265293
2021-11-05,16983.83,17171.8,16718.18,16906.15,572875385
2021-11-08,16926.56,17214.07,16926.56,17214.07,450505461
2021-11-09,17143.58,17581.52,16979.22,17417.15,604343719
2021-11-10,17376.38,17778.72,17078.46,17480.8,680201195
2021-11-11,17438.93,17567.02,17393.27,17521.36,215422639
2021-11-12,17427.45,17477.35,17247.34,17297.25,644838157
2021-11-15,17255.73,17507.38,17152.1,17403.74,825590206
2021-11-16,17386.0,17682.56,17044.32,17340.88,243242246
2021-11-17,17496.69,17905.51,16947.74,17356.56,150069863
2021-11-18,17450.59,17943.02,17450.59,17943.02,644028970
2021-11-19,18036.9,18563.86,17871.43,18398.39,964994176
2021-11-22,18537.17,18585.6,18446.99,18495.42,910277199
2021-11-23,18453.24,18948.87,17757.12,18252.74,432811940
2021-11-24,18145.48,18328.29,17963.54,18146.35,391257973
2021-11-25,18107.25,18370.7,17953.24,18216.68,426287381
2021-11-26,18207.19,18770.51,17907.59,18470.91,539691773
2021-11-29,18489.87,18499.46,18081.98,18091.57,1462881849
2021-11-30,18072.32,18072.32,17354.0,17354.0,638349588
2021-12-01,17380.36,17528.76,17205.6,17354.0,254886368
2021-12-02,17354.66,17488.03,17216.79,17350.16,333101761
2021-12-03,17504.03,17632.26,17322.84,17451.06,342303563
2021-12-06,17436.94,17436.94,17266.71,17266.71,770171063
2021-12-07,17351.54,17351.54,16734.77,16734.77,784585532
2021-12-08,16867.13,16869.62,16579.23,16581.71,469088145
2021-12-09,16544.53,16688.97,16325.64,16470.08,397536594
2021-12-10,16583.73,16590.9,16500.57,16507.75,436144939
2021-12-13,16475.9,16688.71,16475.9,16688.71,594336275
2021-12-14,16698.95,16698.95,16381.71,16381.71,376466128
2021-12-15,16404.41,16856.72,16404.41,16856.72,1003972414
2021-12-16,16792.11,16991.08,16536.89,16735.86,626305471
2021-12-17,16772.56,17259.93,16106.04,16593.41,1154418119
2021-12-20,16486.43,17059.29,16486.43,17059.29,809986762
2021-12-21,17054.15,17082.39,16837.51,16865.74,330430556
2021-12-22,16865.02,17098.58,16865.02,17098.58,1373093359
2021-12-23,17184.13,17497.1,16846.28,17159.25,224465926
2021-12-24,17212.29,17499.24,17140.23,17427.18,1056857754
2021-12-27,17428.98,17662.8,17276.59,17510.41,232802354
2021-12-28,17573.19,17776.1,17479.69,17682.61,450298825
2021-12-29,17597.03,17608.76,17351.87,17363.6,583307676
2021-12-30,17430.74,17843.61,17051.77,17464.64,444487851
2021-12-31,17441.09,17826.08,16955.01,17340.0,264734879
2022-01-03,17411.65,17670.88,17080.77,17340.0,177916249
2022-01-04,17320.52,17674.3,17320.52,17674.3,542713745
2022-01-05,17658.95,17882.08,17542.0,17765.13,766110692
2022-01-06,17780.78,17964.62,17560.04,17743.88,446301607
2022-01-07,17803.44,17851.73,17729.98,17778.27,583340262
2022-01-10,17791.04,17813.9,17626.64,17649.5,771658369
2022-01-11,17652.01,17792.62,17487.71,17628.31,620013905
2022-01-12,17627.69,18042.49,17267.74,17682.54,300526848
2022-01-13,17743.17,17855.49,17637.83,17750.15,430877033
2022-01-14,17775.37,17993.44,17526.29,17744.36,286029939
2022-01-17,17754.17,17944.89,17741.49,17932.21,617533061
2022-01-18,18001.64,18104.15,17804.6,17907.11,530190085
2022-01-19,17885.92,17962.99,17409.71,17486.78,1219115603
2022-01-20,17394.21,17854.12,16801.17,17261.08,811000485
2022-01-21,17452.85,17452.85,17086.96,17086.96,976375585
2022-01-24,17105.2,17499.38,16511.8,16905.99,596198464
2022-01-25,16780.06,16983.9,16672.41,16876.26,229965292
2022-01-26,16724.05,16734.9,16483.76,16494.61,706269284
2022-01-27,16479.39,16663.04,16479.39,16663.04,418736961
2022-01-28,16786.09,17062.27,16097.0,16373.18,962861791
2022-01-31,16368.39,16793.0,16368.39,16793.0,1038062993
2022-02-01,16953.4,17302.16,16444.23,16793.0,461846874
2022-02-02,16994.42,17075.53,16860.95,16942.05,692096927
2022-02-03,17012.72,17055.87,16891.27,16934.42,233293237
2022-02-04,16887.43,16923.72,16712.72,16749.0,665864394
2022-02-07,16699.72,16777.36,16690.23,16767.87,365102707
2022-02-08,16629.42,17070.22,16293.65,16734.46,185562534
2022-02-09,16671.17,16763.92,16577.82,16670.58,448513923
2022-02-10,16746.65,17045.28,16351.0,16649.62,422824274
2022-02-11,16693.01,16868.28,16495.01,16670.28,339756810
2022-02-14,16735.93,17042.97,16068.29,16375.33,867987872
2022-02-15,16210.78,16448.16,16152.91,16390.29,270547993
2022-02-16,16471.22,16852.25,16085.65,16466.68,752920177
2022-02-17,16566.22,16566.22,16194.13,16194.13,448380704
2022-02-18,16177.88,16399.1,16094.75,16315.97,419096618
2022-02-21,16361.39,16748.66,16167.27,16554.53,865482336
2022-02-22,16523.79,17136.98,16200.82,16814.0,675842361
2022-02-23,16935.58,17082.58,16465.34,16612.34,191651229
2022-02-24,16612.73,16819.55,16337.52,16544.33,250854657
2022-02-25,16535.4,17077.79,16357.09,16899.48,642102081
2022-02-28,16944.95,17465.0,16944.95,17465.0,1375068230
2022-03-01,17412.24,17562.28,17314.96,17465.0,462030900
2022-03-02,17379.1,17642.1,17144.68,17407.68,304659012
2022-03-03,17451.35,17451.35,17232.11,17232.11,269603049
2022-03-04,17268.25,17342.55,17088.61,17162.91,176650903
2022-03-07,17174.83,17435.77,16832.29,17093.23,456244114
2022-03-08,17066.45,17778.1,16678.82,17390.47,1024442927
2022-03-09,17342.27,17415.75,17309.26,17382.74,296059351
2022-03-10,17510.68,17645.4,17300.92,17435.64,492306373
2022-03-11,17390.04,17473.83,17157.41,17241.2,464793876
2022-03-14,17230.6,17345.99,17200.46,17315.85,262566974
2022-03-15,17381.37,17389.4,17246.11,17254.14,330380934
2022-03-16,17270.61,17270.61,16734.26,16734.26,1440242155
2022-03-17,16723.82,16877.3,16535.08,16688.56,343431810
2022-03-18,16643.63,16764.11,16465.06,16585.53,162577587
2022-03-21,16581.19,16826.98,16396.56,16642.35,378973548
2022-03-22,16683.89,17123.95,16370.33,16810.38,560659984
2022-03-23,16889.89,17055.05,16746.18,16911.35,344777907
2022-03-24,16832.44,17365.32,16611.05,17143.92,1123874347
2022-03-25,17091.96,17368.62,16869.29,17145.96,270432303
2022-03-28,17127.55,17149.68,16736.14,16758.27,708977723
2022-03-29,16782.6,17142.35,16782.6,17142.35,756047723
2022-03-30,17044.24,17620.39,16535.73,17111.87,336824445
2022-03-31,17088.29,18011.25,16180.04,17103.0,361010064
2022-04-01,17163.03,17272.16,16993.87,17103.0,231602783
2022-04-04,17022.86,17517.62,16642.23,17136.98,393089520
2022-04-05,17107.39,17234.1,17048.28,17174.98,309996766
2022-04-06,17041.78,17041.78,16869.42,16869.42,1645782202
2022-04-07,16673.86,16901.58,16610.41,16838.14,315958543
2022-04-08,16819.04,17173.59,16639.17,16993.71,440265687
2022-04-11,16985.52,17065.92,16926.55,17006.95,208640432
2022-04-12,17044.45,17632.8,16339.61,16927.96,250205405
2022-04-13,17072.46,17390.16,16673.91,16991.61,292448845
2022-04-14,17168.82,17373.93,17168.82,17373.93,735002432
2022-04-15,17505.87,17575.66,17372.55,17442.34,482683384
2022-04-18,17338.92,17551.73,17159.71,17372.51,328113054
2022-04-19,17244.37,17386.57,17227.95,17370.15,393519526
2022-04-20,17481.26,17682.75,17056.19,17257.68,931845481
2022-04-21,17290.13,17290.13,17024.45,17024.45,388398879
2022-04-22,16988.12,17057.85,16954.08,17023.81,181894847
2022-04-25,16989.85,17127.13,16769.05,16906.33,404823230
2022-04-26,16849.46,17004.35,16837.7,16992.59,826821313
2022-04-27,17110.18,17110.18,16785.63,16785.63,399803015
2022-04-28,16750.38,17096.07,16591.75,16937.44,449195966
2022-04-29,17046.26,17078.47,16551.79,16584.0,2333881815
2022-05-02,16633.96,16956.45,16261.51,16584.0,110810141
2022-05-03,16560.79,16742.1,16031.44,16212.74,1387698649
2022-05-04,16310.26,16409.05,15854.28,15953.07,534113333
2022-05-05,15809.9,16135.73,15303.73,15629.56,799841712
2022-05-06,15812.35,15930.74,15703.35,15821.74,731741169
2022-05-09,15679.89,15722.25,15321.9,15364.26,1408999014
2022-05-10,15513.26,16533.3,14519.96,15540.01,585328501
2022-05-11,15508.77,15655.85,15204.24,15351.33,636703792
2022-05-12,15314.2,15643.47,14996.73,15326.01,407163341
2022-05-13,15245.85,15628.68,15132.84,15515.67,623210247
2022-05-16,15565.37,15850.73,15565.37,15850.73,538119149
2022-05-17,16030.91,16539.64,15293.76,15802.49,616518918
2022-05-18,15762.34,15929.68,15304.08,15471.42,569302112
2022-05-19,15435.56,16096.04,14840.02,15500.5,242336207
2022-05-20,15495.66,15600.84,15450.36,15555.54,690936416
2022-05-23,15608.35,15893.76,15431.48,15716.89,1045062836
2022-05-24,15689.71,16244.1,15607.63,16162.02,474779940
2022-05-25,16080.48,16364.51,15592.47,15876.5,562951361
2022-05-26,16038.44,16902.75,15408.27,16272.58,1113031176
2022-05-27,16149.54,16717.55,15451.07,16019.08,1013747175
2022-05-30,15903.09,16055.0,15843.04,15994.94,151110644
2022-05-31,15842.51,17185.42,14437.09,15780.0,494747208
2022-06-01,15888.61,16395.71,15272.89,15780.0,266538176
2022-06-02,15849.37,15923.51,15719.01,15793.15,245530735
2022-06-03,15714.62,16592.95,15348.11,16226.44,1013805793
2022-06-06,16263.6,16424.26,16190.91,16351.56,341922692
2022-06-07,16236.43,16487.68,15436.97,15688.22,1090834432
2022-06-08,15632.7,15775.47,15632.7,15775.47,366656563
2022-06-09,15711.77,16186.11,15634.72,16109.06,605727878
2022-06-10,16356.62,16784.08,15622.45,16049.91,523773666
2022-06-13,16173.16,16703.13,15920.6,16450.58,317846099
2022-06-14,16407.55,17266.7,16105.51,16964.66,464394919
2022-06-15,16987.52,17357.57,16846.95,17217.0,769385050
2022-06-16,17262.08,17499.38,16690.74,16928.04,572645600
2022-06-17,16870.4,17201.02,16559.2,16889.82,554081210
2022-06-20,17086.14,17619.12,17086.14,17619.12,730906049
2022-06-21,17612.23,18111.03,17061.07,17559.87,296107070
2022-06-22,17525.45,17538.95,17409.5,17422.99,142671621
2022-06-23,17568.23,17568.23,16573.04,16573.04,1856609240
2022-06-24,16540.24,17316.93,16540.24,17316.93,2192629617
2022-06-27,17170.28,17465.61,17002.48,17297.81,252700979
2022-06-28,17183.69,17788.34,17183.69,17788.34,1465820433
2022-06-29,17844.08,17902.44,17549.13,17607.48,452727357
2022-06-30,17785.87,17785.87,16929.0,16929.0,912570870
2022-07-01,16984.1,17241.52,16671.57,16929.0,197246382
2022-07-04,16929.08,17055.15,16649.17,16775.25,544312989
2022-07-05,16758.66,17093.44,16555.15,16889.93,629702006
2022-07-06,16873.67,17367.93,16873.67,17367.93,1077457963
2022-07-07,17291.26,17315.68,17111.62,17136.04,622330665
2022-07-08,17058.88,17556.91,16542.58,17040.61,366745655
2022-07-11,17109.33,17122.04,16906.43,16919.15,450099529
2022-07-12,16925.84,17034.98,16852.79,16961.93,213808019
2022-07-13,16855.84,16883.21,16686.36,16713.73,434281249
2022-07-14,16661.24,16715.99,16567.7,16622.44,509959807
2022-07-15,16676.52,17277.91,16051.69,16653.08,217679615
2022-07-18,16656.85,16815.51,16530.04,16688.7,852186302
2022-07-19,16646.31,16761.96,16493.17,16608.81,533275371
2022-07-20,16492.87,16492.87,16130.61,16130.61,745214969
2022-07-21,16101.79,16469.07,16014.14,16381.41,598228561
2022-07-22,16479.93,16863.34,16066.99,16450.41,220701440
2022-07-25,16524.11,16810.71,16524.11,16810.71,836331860
2022-07-26,16713.59,17144.94,16584.03,17015.38,543980492
2022-07-27,17030.34,17286.96,17030.34,17286.96,396202225
2022-07-28,17295.52,17770.19,17295.52,17770.19,1079814956
2022-07-29,17736.86,17917.56,17578.31,17759.0,449520548
2022-08-01,17899.8,18160.7,17498.1,17759.0,409630556
2022-08-02,17743.39,17787.94,17421.28,17465.84,703489503
2022-08-03,17512.32,17658.15,17375.77,17521.6,272382720
2022-08-04,17344.83,17382.32,17182.26,17219.75,1462989762
2022-08-05,17253.35,17253.35,16940.27,16940.27,1268173938
2022-08-08,17045.08,17241.12,16830.3,17026.35,251037026
2022-08-09,17105.64,17624.77,17001.47,17520.6,1117926998
2022-08-10,17432.89,17810.31,16916.92,17294.34,552270137
2022-08-11,17156.02,17296.55,17110.5,17251.02,432410815
2022-08-12,17396.54,17788.24,16889.28,17280.98,172738599
2022-08-15,17239.57,17480.9,17211.17,17452.5,450106088
2022-08-16,17371.17,17784.08,17187.34,17600.24,588057716
2022-08-17,17656.05,17966.02,17613.05,17923.01,579249867
2022-08-18,17882.49,18308.84,17593.66,18020.02,481840474
2022-08-19,18022.66,18096.9,18008.39,18082.64,489743467
2022-08-22,18058.62,18310.15,17938.47,18190.0,286337181
2022-08-23,18226.67,18228.96,18145.63,18147.92,189866721
2022-08-24,18092.01,19280.71,17161.85,18350.55,524826493
2022-08-25,18406.13,18482.42,18016.57,18092.86,341910136
2022-08-26,18066.98,18066.98,17765.55,17765.55,705951491
2022-08-29,17719.38,18020.78,17225.73,17527.13,539403527
2022-08-30,17538.53,17538.53,17239.75,17239.75,546657080
2022-08-31,17275.8,17382.12,16781.68,16888.0,374675756
2022-09-01,16874.95,16922.54,16840.4,16888.0,548349274
2022-09-02,16858.66,16858.66,16481.62,16481.62,762886450
2022-09-05,16520.91,17011.57,16040.94,16531.59,258723732
2022-09-06,16440.03,16822.76,16278.16,16660.88,508942856
2022-09-07,16507.28,16911.05,16507.28,16911.05,1501308626
2022-09-08,16921.27,17262.41,16716.42,17057.56,635387624
2022-09-09,17077.57,17616.18,17077.57,17616.18,1672874341
2022-09-12,17749.06,17749.06,17556.48,17556.48,454439221
2022-09-13,17624.25,17730.94,17485.97,17592.66,162116905
2022-09-14,17549.38,18119.26,17250.51,17820.4,1120955067
2022-09-15,17901.4,18148.15,17770.11,18016.86,430262295
2022-09-16,17997.32,18266.3,17811.28,18080.27,699322638
2022-09-19,17912.67,18041.53,17912.67,18041.53,324770497
2022-09-20,18058.81,18366.1,18058.81,18366.1,1096034707
2022-09-21,18369.94,18472.63,18244.46,18347.16,492398662
2022-09-22,18393.48,19397.12,17791.01,18794.65,796288552
2022-09-23,18821.74,18855.85,18638.01,18672.12,736932027
2022-09-26,18661.31,18778.49,18625.13,18742.31,536709425
2022-09-27,18735.3,18965.07,18177.64,18407.41,569483013
2022-09-28,18473.47,18473.47,17748.11,17748.11,1213043793
2022-09-29,17620.02,18194.45,17227.22,17801.65,500389505
2022-09-30,17826.84,18091.76,17747.09,18012.0,911149204
2022-10-03,18055.31,18526.57,17540.74,18012.0,189047948
2022-10-04,18102.02,18102.02,17887.42,17887.42,497128016
2022-10-05,17878.63,18148.76,17581.02,17851.15,360004174
2022-10-06,17823.61,17991.6,17409.81,17577.8,388945070
2022-10-07,17590.3,17590.3,17147.62,17147.62,480361124
2022-10-10,17143.47,17180.04,17031.62,17068.19,493489211
2022-10-11,17009.59,17331.22,16975.06,17296.69,461158487
2022-10-12,17298.08,17485.62,17177.35,17364.88,406224788
2022-10-13,17333.39,17660.65,17232.84,17560.1,497246468
2022-10-14,17502.13,17756.47,17220.85,17475.19,325368044
2022-10-17,17506.71,18263.01,17052.41,17808.72,445852539
2022-10-18,17739.3,18003.91,17702.97,17967.58,736823570
2022-10-19,17933.73,18499.76,17777.74,18343.76,1564184696
2022-10-20,18420.21,18595.1,18287.68,18462.56,534053795
2022-10-21,18510.91,18510.91,17670.69,17670.69,2313330949
2022-10-24,17807.06,18354.26,17279.58,17826.78,716583532
2022-10-25,17845.98,18012.02,17761.45,17927.49,451398524
2022-10-26,17920.57,18057.72,17842.48,17979.63,388859773
2022-10-27,18005.64,18255.92,18005.64,18255.92,684541603
2022-10-28,18307.78,18566.13,18307.78,18566.13,770376099
2022-10-31,18708.55,18876.76,18589.78,18758.0,707932256
2022-11-01,18778.27,18866.52,18669.75,18758.0,303832928
2022-11-02,18708.25,19012.08,18603.43,18907.26,647285567
2022-11-03,18860.89,18860.89,18154.38,18154.38,1086452736
2022-11-04,18233.36,18264.54,17872.28,17903.46,436993838
2022-11-07,17999.74,18131.31,17732.71,17864.28,268445997
2022-11-08,17786.84,17786.84,17401.13,17401.13,1349100653
2022-11-09,17456.21,17456.21,17190.31,17190.31,742319725
2022-11-10,17151.7,17356.2,17006.47,17210.97,224783911
2022-11-11,17267.36,17376.98,17267.36,17376.98,402386372
2022-11-14,17354.64,17516.79,17354.64,17516.79,311728337
2022-11-15,17485.61,17843.97,17447.92,17806.27,484069611
2022-11-16,17686.99,17896.34,17603.49,17812.84,249647616
2022-11-17,17746.05,18220.03,17605.87,18079.84,867921562
2022-11-18,18124.52,18291.44,18064.97,18231.9,463770420
2022-11-21,18240.81,18522.5,18111.04,18392.73,307547681
2022-11-22,18318.89,18761.4,18072.09,18514.59,653547003
2022-11-23,18598.86,19561.07,17475.66,18437.87,247993525
2022-11-24,18467.96,18930.14,18347.14,18809.32,1280098630
2022-11-25,18812.65,20028.54,18812.65,20028.54,4008973130
2022-11-28,20122.81,20122.81,19226.51,19226.51,925107811
2022-11-29,19033.65,19033.65,18433.83,18433.83,881654411
2022-11-30,18330.2,18355.51,18079.69,18105.0,786168630
2022-12-01,18110.64,18601.37,17614.27,18105.0,449453215
2022-12-02,18072.41,18107.03,17920.3,17954.93,621340157
2022-12-05,17913.4,17931.29,17742.12,17760.01,723369163
2022-12-06,17795.9,17908.38,17721.7,17834.18,487874662
2022-12-07,17722.57,17838.3,17389.99,17505.72,920877284
2022-12-08,17461.49,18031.66,16900.25,17470.42,790159087
2022-12-09,17415.03,17687.6,17089.56,17362.13,701794294
2022-12-12,17328.85,17470.01,17285.48,17426.64,621282920
2022-12-13,17310.07,17341.19,17262.14,17293.27,597776495
2022-12-14,17407.34,18042.74,17281.21,17916.62,946233371
2022-12-15,18052.9,18205.17,17538.22,17690.49,435509428
2022-12-16,17719.94,17962.73,17660.22,17903.01,420295777
2022-12-19,17885.76,18002.4,17623.29,17739.93,470774693
2022-12-20,17745.35,18196.07,17738.1,18188.83,996621799
2022-12-21,18145.57,18600.82,17992.65,18447.89,619674468
2022-12-22,18413.21,18413.21,18191.43,18191.43,735408753
2022-12-23,18134.51,18341.81,17354.88,17562.18,1073270629
2022-12-26,17684.74,18057.83,17385.6,17758.69,575258119
2022-12-27,17721.93,17946.59,17463.47,17688.14,381662830
2022-12-28,17675.27,18057.07,17675.27,18057.07,563509470
2022-12-29,17859.06,18347.64,17497.66,17986.24,243764257
2022-12-30,18050.22,18050.22,17604.0,17604.0,2136378333
2023-01-02,17567.43,17746.62,17424.8,17604.0,185229929
2023-01-03,17654.3,17864.8,17587.82,17798.31,524133020
2023-01-04,17840.72,17969.68,17649.36,17778.32,147178111
2023-01-05,17751.73,17758.5,17617.22,17623.98,628530475
2023-01-06,17727.47,17900.09,17482.61,17655.24,312927047
2023-01-09,17659.56,18702.09,16368.89,17411.42,697399153
2023-01-10,17422.42,18322.21,16605.42,17505.21,363927229
2023-01-11,17555.56,18055.68,17436.97,17937.09,732067950
2023-01-12,17901.55,18089.41,17718.09,17905.95,533423199
2023-01-13,17912.02,17912.02,17625.76,17625.76,580494840
2023-01-16,17727.64,17879.92,17488.2,17640.48,391131116
2023-01-17,17686.29,17686.29,17240.91,17240.91,506104929
2023-01-18,17225.77,17497.82,17004.75,17276.8,250107154
2023-01-19,17138.25,17707.47,16825.92,17395.14,267557252
2023-01-20,17389.97,17563.22,17099.21,17272.46,338641509
2023-01-23,17240.36,17503.51,17240.36,17503.51,970562115
2023-01-24,17555.72,17975.0,17383.31,17802.59,784204023
2023-01-25,17795.68,17946.94,17761.85,17913.11,269523796
2023-01-26,17855.93,18469.88,17855.93,18469.88,1258624634
2023-01-27,18471.04,18471.04,17894.73,17894.73,1392012253
2023-01-30,17836.15,17872.94,17433.92,17470.71,913456631
2023-01-31,17586.49,17586.49,17303.0,17303.0,239252014
2023-02-01,17173.28,17388.46,17087.81,17303.0,165035585
2023-02-02,17247.24,17513.79,17143.41,17409.96,392212213
2023-02-03,17425.94,17845.99,17248.02,17668.06,626240681
2023-02-06,17683.23,17785.4,17504.05,17606.22,403711087
2023-02-07,17643.37,17759.14,17471.81,17587.57,269560223
2023-02-08,17666.54,17666.54,17488.72,17488.72,320497063
2023-02-09,17596.93,18038.63,17596.93,18038.63,1472278052
2023-02-10,17869.69,18211.67,17575.37,17917.35,702674012
2023-02-13,17860.16,17892.17,17669.47,17701.48,954515340
2023-02-14,17669.32,17954.72,17607.79,17893.19,692850685
2023-02-15,17884.8,18235.77,17430.73,17781.7,685519633
2023-02-16,17876.72,18040.63,17789.15,17953.07,835286128
2023-02-17,17773.37,17834.2,17751.7,17812.54,311936034
2023-02-20,17694.25,17958.08,17652.76,17916.59,379328711
2023-02-21,18029.38,18328.14,17655.56,17954.32,266173733
2023-02-22,17950.29,17950.29,16754.54,16754.54,2403004286
2023-02-23,16829.85,17315.25,16559.67,17045.07,529898364
2023-02-24,16928.7,17341.99,16502.74,16916.03,572001480
2023-02-27,16976.88,17233.42,16976.88,17233.42,813059469
2023-02-28,17247.75,17820.07,16787.68,17360.0,696585947
2023-03-01,17385.16,17454.06,17291.09,17360.0,337277337
2023-03-02,17344.36,17863.4,17344.36,17863.4,961521637
2023-03-03,17847.75,18862.9,17025.47,18040.61,324873067
2023-03-06,18019.7,18297.62,17644.14,17922.05,493988438
2023-03-07,17784.59,17784.59,17405.4,17405.4,1519349331
2023-03-08,17364.04,17901.89,17059.38,17597.23,554338706
2023-03-09,17542.47,17817.35,17481.55,17756.43,247129259
2023-03-10,17699.48,17982.09,17699.48,17982.09,447886943
2023-03-13,17888.61,17910.39,17758.36,17780.14,648906391
2023-03-14,17853.29,18077.1,17668.17,17891.98,420928778
2023-03-15,17878.78,17887.5,17624.64,17633.36,786068876
2023-03-16,17434.08,17735.36,17434.08,17735.36,501035938
2023-03-17,17771.48,18172.43,17771.48,18172.43,742948530
2023-03-20,18136.63,18271.7,18088.53,18223.6,418339321
2023-03-21,18357.77,18429.57,17959.62,18031.42,490834626
2023-03-22,17915.7,18326.36,17577.67,17988.33,637382873
2023-03-23,18023.24,18023.24,17750.0,17750.0,2187243927
2023-03-24,17650.98,17800.48,17545.19,17694.69,334340585
2023-03-27,17664.68,18086.27,17505.04,17926.62,528190391
2023-03-28,17819.63,18174.26,17450.83,17805.46,864697319
2023-03-29,17788.26,18344.27,17441.3,17997.31,758529902
2023-03-30,18018.56,18329.75,17791.09,18102.28,568245904
2023-03-31,18154.25,18338.83,17880.42,18065.0,612916582
2023-04-03,18162.96,18629.03,17598.93,18065.0,349514880
2023-04-04,18114.63,18229.33,17934.5,18049.2,242272814
2023-04-05,18048.11,18409.42,17379.72,17741.03,676098454
2023-04-06,17739.33,17807.68,17406.33,17474.68,1156594880
2023-04-07,17555.94,17715.68,17450.47,17610.21,701981187
2023-04-10,17475.44,17698.88,17475.44,17698.88,642908704
2023-04-11,17753.14,18258.72,17704.63,18210.21,694451635
2023-04-12,18364.38,18364.38,18041.3,18041.3,357108480
2023-04-13,18050.45,18134.44,17564.35,17648.34,723412670
2023-04-14,17549.98,17987.59,17184.48,17622.08,317175924
2023-04-17,17592.23,17759.86,17414.17,17581.8,492052344
2023-04-18,17470.17,17952.46,17470.17,17952.46,1160448172
2023-04-19,17910.77,18041.54,17817.24,17948.02,386169611
2023-04-20,17858.4,18166.95,17714.47,18023.03,814686833
2023-04-21,18016.75,18256.48,17667.05,17906.78,381995377
2023-04-24,17866.52,17964.14,17740.27,17837.89,205248471
2023-04-25,17939.27,18080.58,17886.31,18027.63,776484370
2023-04-26,18133.68,18374.97,17897.85,18139.14,595119321
2023-04-27,18126.25,18126.25,17868.4,17868.4,767978583
2023-04-28,17868.74,18535.0,17868.74,18535.0,1451538173
2023-05-01,18554.03,18799.17,18289.86,18535.0,243024455
2023-05-02,18429.23,18508.27,18393.24,18472.28,265148409
2023-05-03,18569.27,18595.71,18454.01,18480.45,120838363
2023-05-04,18469.36,18813.63,18469.36,18813.63,351693679
2023-05-05,18690.38,18867.97,18319.13,18496.72,718485260
2023-05-08,18546.89,18642.67,18196.76,18292.55,457709666
2023-05-09,18260.18,18491.65,18260.18,18491.65,570677182
2023-05-10,18429.14,18549.97,18429.14,18549.97,519640880
2023-05-11,18480.86,18709.87,18314.4,18543.4,232847703
2023-05-12,18532.85,19185.47,18532.85,19185.47,886209027
2023-05-15,19361.57,19390.09,19156.7,19185.22,304866000
2023-05-16,19270.37,19624.47,19001.09,19355.2,400771225
2023-05-17,19248.86,19248.86,18988.02,18988.02,719317740
2023-05-18,18955.25,19172.33,18919.09,19136.17,357978721
2023-05-19,19179.8,19205.1,19109.31,19134.61,268962618
2023-05-22,19073.45,19073.45,18203.23,18203.23,862973769
2023-05-23,18242.48,18242.48,17732.17,17732.17,1069853234
2023-05-24,17750.92,18041.96,17468.49,17759.53,265399854
2023-05-25,17815.97,18051.16,17784.3,18019.48,915399428
2023-05-26,17972.52,18321.89,17972.52,18321.89,1146240134
2023-05-29,18373.18,18676.17,18021.83,18324.82,231652621
2023-05-30,18134.77,18630.93,17811.84,18308.01,269423077
2023-05-31,18275.85,18935.0,18275.85,18935.0,1925449829
2023-06-01,18821.76,19064.66,18692.1,18935.0,166022708
2023-06-02,18979.56,19313.71,18979.56,19313.71,349107740
2023-06-05,19447.6,20043.28,19092.45,19688.13,716862712
2023-06-06,19742.87,19742.87,19466.89,19466.89,372967797
2023-06-07,19456.16,19685.3,19223.1,19452.25,204729471
2023-06-08,19577.8,19828.17,19191.71,19442.07,198653100
2023-06-09,19405.72,19607.05,19269.24,19470.57,315048373
2023-06-12,19420.65,19749.16,19373.66,19702.18,739445759
2023-06-13,19739.29,19946.53,19637.75,19844.99,174661827
2023-06-14,19917.61,20276.26,19917.61,20276.26,1080138676
2023-06-15,20174.67,20374.86,19857.95,20058.14,427279164
2023-06-16,20170.08,20325.87,20040.08,20195.87,494405966
2023-06-19,20194.73,20680.43,19932.96,20418.67,642062638
2023-06-20,20464.62,20464.62,20239.84,20239.84,557738260
2023-06-21,20071.97,20368.7,20035.08,20331.81,420385625
2023-06-22,20281.44,20281.44,19425.68,19425.68,1782995553
2023-06-23,19422.51,19819.01,19422.51,19819.01,1003633296
2023-06-26,19839.85,19932.42,19493.52,19586.08,575166851
2023-06-27,19540.74,19540.74,19165.42,19165.42,769583184
2023-06-28,19157.86,19181.61,18719.67,18743.42,553290761
2023-06-29,18656.82,19437.8,18656.82,19437.8,1199668920
2023-06-30,19460.08,19753.0,19460.08,19753.0,632973721
2023-07-03,19852.13,19872.68,19732.45,19753.0,173488194
2023-07-04,19676.98,19817.96,19328.45,19469.43,1171839516
2023-07-05,19516.33,19602.61,19290.79,19377.08,596006892
2023-07-06,19262.8,19332.3,19163.8,19233.3,275084009
2023-07-07,19129.44,19872.42,18652.64,19395.62,584567114
2023-07-10,19434.8,19511.85,19416.2,19493.25,283103036
2023-07-11,19552.95,19948.2,19495.55,19890.81,628085508
2023-07-12,19946.09,20495.75,19533.43,20083.1,351176097
2023-07-13,20202.92,20202.92,19714.49,19714.49,769488234
2023-07-14,19727.48,19727.48,19264.62,19264.62,1667230393
2023-07-17,19263.94,19474.95,19074.81,19285.82,404159961
2023-07-18,19381.01,19691.47,19107.63,19418.09,385911451
2023-07-19,19594.61,19721.45,19435.91,19562.75,530676676
2023-07-20,19662.61,19992.6,19111.85,19441.83,274973109
2023-07-21,19546.47,20392.43,19134.54,19980.5,1109769611
2023-07-24,19981.45,20157.35,19791.32,19967.22,114507263
2023-07-25,19902.81,20159.8,19699.1,19956.08,425292526
2023-07-26,20005.38,20048.8,19837.2,19880.62,444020489
2023-07-27,19930.92,20048.12,19125.85,19243.06,1456389907
2023-07-28,19417.66,19419.09,19293.69,19295.12,178169779
2023-07-31,19233.77,19674.0,19233.77,19674.0,1189481432
2023-08-01,19763.56,19977.54,19460.01,19674.0,258984875
2023-08-02,19626.57,19728.26,19602.24,19703.93,318847461
2023-08-03,19635.33,19892.69,19546.48,19803.84,558485963
2023-08-04,19809.01,19907.07,19572.58,19670.64,838713763
2023-08-07,19546.26,20213.53,19546.26,20213.53,775161729
2023-08-08,20093.8,20277.43,19817.8,20001.43,712688934
2023-08-09,19960.33,20082.0,19881.57,20003.24,241878085
2023-08-10,20144.65,20144.65,19779.84,19779.84,427441509
2023-08-11,19847.29,20092.16,19847.29,20092.16,632598362
2023-08-14,20164.97,20164.97,19773.24,19773.24,1076625424
2023-08-15,19710.31,20038.28,19603.6,19931.56,657144674
2023-08-16,19811.12,19895.31,19665.2,19749.38,331159549
2023-08-17,19799.75,20996.4,18640.69,19837.34,356794980
2023-08-18,19693.61,20063.4,19693.61,20063.4,371421691
2023-08-21,20005.62,20199.07,19591.0,19784.45,677258455
2023-08-22,19878.98,19888.97,19681.7,19691.69,289063560
2023-08-23,19661.97,19884.07,19575.42,19797.51,221736945
2023-08-24,19731.32,20006.18,19457.49,19732.35,167582611
2023-08-25,19686.91,19934.91,19686.91,19934.91,284136160
2023-08-28,19872.69,20273.6,19823.41,20224.32,1015898441
2023-08-29,20177.46,20283.9,20057.28,20163.71,411482637
2023-08-30,20230.09,20415.6,19961.57,20147.08,290946619
2023-08-31,20211.43,20211.43,19638.0,19638.0,1194099731
2023-09-01,19666.16,20129.43,19174.73,19638.0,366969882
2023-09-04,19453.56,19849.66,18860.87,19256.97,427634701
2023-09-05,19166.85,19279.32,19018.84,19131.32,798431970
2023-09-06,19116.37,19511.57,19110.48,19505.68,1010218279
2023-09-07,19638.72,19638.72,19226.76,19226.76,676766414
2023-09-08,19204.72,19449.79,18889.89,19134.96,527273470
2023-09-11,19124.2,19124.2,18498.24,18498.24,2326723001
2023-09-12,18558.79,19062.66,17931.26,18435.13,449160148
2023-09-13,18452.01,18452.01,18095.68,18095.68,768192570
2023-09-14,18123.43,18360.73,17966.19,18203.49,461541686
2023-09-15,18198.14,18513.4,17949.75,18265.01,355191442
2023-09-18,18275.95,18379.54,18242.68,18346.27,306135510
2023-09-19,18371.15,18550.31,18176.98,18356.14,167342748
2023-09-20,18316.37,18683.94,17904.98,18272.54,903268170
2023-09-21,18305.88,18305.88,18145.16,18145.16,511261063
2023-09-22,18241.26,18408.81,17940.79,18108.34,541764025
2023-09-25,18123.39,18225.96,18096.59,18199.15,194896297
2023-09-26,18137.25,18281.56,18094.5,18238.8,312695076
2023-09-27,18270.43,18337.52,18143.02,18210.1,162934285
2023-09-28,18114.43,18660.28,17845.5,18391.36,383667740
2023-09-29,18514.24,19015.56,18498.68,19000.0,713411557
2023-10-02,19044.06,19097.27,18946.79,19000.0,303806014
2023-10-03,18867.56,19168.58,18867.56,19168.58,484826745
2023-10-04,19191.3,19322.21,19047.22,19178.13,565107141
2023-10-05,19188.58,19766.74,18849.29,19427.45,835988168
2023-10-06,19384.0,19710.16,19241.61,19567.77,541660813
2023-10-09,19660.04,19865.92,19126.35,19332.22,891149528
2023-10-10,19405.28,19415.06,19141.6,19151.39,572964927
2023-10-11,19125.49,19125.49,18818.58,18818.58,773358457
2023-10-12,18920.43,19230.41,18118.74,18428.72,1520599833
2023-10-13,18396.5,18503.33,18325.86,18432.68,195029462
2023-10-16,18475.63,18782.45,18283.83,18590.65,573791689
2023-10-17,18624.55,18786.04,18205.75,18367.24,386188328
2023-10-18,18475.73,18582.09,18383.49,18489.85,871684322
2023-10-19,18380.39,18855.3,18380.39,18855.3,856766859
2023-10-20,18785.14,19375.45,18502.49,19092.8,593064107
2023-10-23,19143.27,19362.0,19004.21,19222.93,1234070857
2023-10-24,19141.43,19375.3,18989.33,19223.2,457477369
2023-10-25,19207.0,19408.11,18770.98,18972.09,607627632
2023-10-26,19022.01,19107.2,18901.09,18986.28,359643494
2023-10-27,19085.1,19508.49,18612.74,19036.13,1744370761
2023-10-30,19044.26,19635.82,19026.68,19618.24,635223991
2023-10-31,19600.28,19814.28,19581.0,19795.0,1081869013
2023-11-01,19785.63,20605.6,18975.03,19795.0,375626000
2023-11-02,19724.44,19724.44,19492.27,19492.27,913501732
2023-11-03,19537.53,19736.79,19340.19,19539.45,220023262
2023-11-06,19602.67,19695.13,19491.14,19583.6,375045995
2023-11-07,19538.92,19688.4,19477.14,19626.62,245461394
2023-11-08,19498.58,19768.68,18667.61,18937.72,2003118427
2023-11-09,19007.49,19178.71,18644.98,18816.2,340483907
2023-11-10,18799.27,19070.38,18657.44,18928.55,259519609
2023-11-13,18980.83,19725.11,18980.83,19725.11,1760491097
2023-11-14,19782.24,20653.0,19000.26,19871.02,566887903
2023-11-15,19919.46,20385.16,19712.1,20177.8,1039364947
2023-11-16,20262.5,20372.85,19986.86,20097.21,229852589
2023-11-17,20093.85,20178.11,19929.39,20013.65,352802032
2023-11-20,20068.04,20176.61,20052.02,20160.59,551321404
2023-11-21,20097.05,20387.56,19703.04,19993.54,771679917
2023-11-22,19906.3,20327.42,19817.73,20238.85,554198655
2023-11-23,20241.92,20324.39,20114.0,20196.47,309265440
2023-11-24,20333.56,20806.05,19729.38,20201.88,180735814
2023-11-27,20391.11,20758.41,20220.38,20587.68,1191864320
2023-11-28,20487.67,21430.61,20143.91,21086.86,525655864
2023-11-29,21024.8,22193.06,21024.8,22193.06,1212470393
2023-11-30,22183.34,22384.96,21529.38,21731.0,1712542454
2023-12-01,21631.41,21894.0,21468.41,21731.0,364708529
2023-12-04,21786.93,21786.93,21252.93,21252.93,1705405649
2023-12-05,21202.07,21232.52,21079.11,21109.56,711251830
2023-12-06,21124.35,21153.96,20872.1,20901.72,321165234
2023-12-07,20906.32,22189.72,19722.17,21005.58,474569963
2023-12-08,21050.33,21635.22,20865.67,21450.56,596670393
2023-12-11,21418.22,21759.12,21217.87,21558.77,262569733
2023-12-12,21474.16,21748.86,21197.26,21471.97,640387027
2023-12-13,21458.02,22460.66,20454.81,21457.45,377196754
2023-12-14,21338.96,22276.22,21338.96,22276.22,1482543454
2023-12-15,22171.25,22391.91,22009.81,22230.47,466433521
2023-12-18,22111.07,22421.52,22111.07,22421.52,393234306
2023-12-19,22592.13,22669.44,21956.16,22033.48,1058140415
2023-12-20,22087.86,22898.26,21317.17,22127.56,227528492
2023-12-21,22137.5,22294.71,22018.35,22175.57,403417474
2023-12-22,22199.13,22266.05,21850.58,21917.51,604705936
2023-12-25,21889.71,21952.76,21642.89,21705.95,449952180
2023-12-26,21744.15,22167.57,21370.75,21794.17,417932928
2023-12-27,21700.91,22095.24,21631.24,22025.57,652348598
2023-12-28,22039.95,22039.95,21641.65,21641.65,627450699
2023-12-29,21536.26,21934.15,21327.11,21725.0,1311529630
2024-01-01,21720.74,21922.43,21523.31,21725.0,294941231
2024-01-02,21749.12,21938.51,21431.29,21620.68,692924660
2024-01-03,21588.99,22332.88,21191.86,21935.75,859419212
2024-01-04,21978.92,22152.04,21978.92,22152.04,1614194782
2024-01-05,22259.36,22574.79,22050.67,22366.1,470016788
2024-01-08,22335.99,22672.3,22246.25,22582.57,707054971
2024-01-09,22621.58,22993.37,22242.34,22614.13,290514308
2024-01-10,22596.71,22951.75,22340.44,22695.48,499567843
2024-01-11,22597.65,23169.15,22597.65,23169.15,1112452628
2024-01-12,23215.69,24201.06,22182.86,23168.22,260267636
2024-01-15,23126.73,23773.51,23126.73,23773.51,1024999088
2024-01-16,23684.51,24385.01,23391.19,24091.69,609584349
2024-01-17,24038.66,24038.66,23522.91,23522.91,758775453
2024-01-18,23462.6,23462.6,23164.02,23164.02,855404956
2024-01-19,23025.4,23197.69,22835.9,23008.19,561849778
2024-01-22,23070.09,23362.99,22308.61,22601.51,609246602
2024-01-23,22476.2,22930.22,22476.2,22930.22,690521630
2024-01-24,22850.96,23184.93,22245.53,22579.5,535727936
2024-01-25,22625.89,22625.89,21698.69,21698.69,498695878
2024-01-26,21747.82,22079.86,21650.14,21982.18,818507399
2024-01-29,21807.47,22502.67,21807.47,22502.67,1168195017
2024-01-30,22555.1,22788.37,22470.62,22703.89,469788882
2024-01-31,22628.52,22628.52,22405.0,22405.0,500168014
2024-02-01,22348.74,22551.09,22202.65,22405.0,135142715
2024-02-02,22251.12,22343.03,21861.83,21953.74,910709883
2024-02-05,21819.57,22582.68,21553.33,22316.44,779311719
2024-02-06,22396.57,22403.35,22245.01,22251.79,214326209
2024-02-07,22024.21,22550.08,21758.08,22283.95,132631568
2024-02-08,22482.84,22482.84,21680.0,21680.0,1036134645
2024-02-09,21652.28,21683.05,21481.38,21512.14,685341692
2024-02-12,21534.04,22351.44,21534.04,22351.44,1274190960
2024-02-13,22301.06,22588.51,21899.55,22187.0,531964421
2024-02-14,22229.93,22585.12,21841.77,22196.96,241578541
2024-02-15,22328.55,22384.17,22061.07,22116.69,350343564
2024-02-16,21946.91,22221.24,21643.86,21918.19,427276424
2024-02-19,22098.77,22262.0,22098.77,22262.0,313650938
2024-02-20,22400.91,22583.87,22242.0,22424.96,343848315
2024-02-21,22456.83,22600.28,22243.33,22386.78,349406667
2024-02-22,22429.79,22666.11,22113.8,22350.12,549120185
2024-02-23,22279.22,22625.62,21974.0,22320.4,287606505
2024-02-26,22366.63,22483.2,22063.87,22180.44,380893352
2024-02-27,22227.82,22303.33,22096.07,22171.58,183816259
2024-02-28,22126.15,22372.59,21660.25,21906.68,944798631
2024-02-29,21920.46,22326.0,21920.46,22326.0,904714621
2024-03-01,22415.56,22503.16,22238.4,22326.0,260736215
2024-03-04,22366.48,22554.48,21987.49,22175.48,512644252
2024-03-05,22197.56,22733.39,20888.58,21424.4,1902999772
2024-03-06,21473.15,21606.88,20702.95,20836.68,1026125040
2024-03-07,20990.5,21225.41,20637.87,20872.77,525990261
2024-03-08,20891.94,21250.12,20837.9,21196.08,514968784
2024-03-11,21224.17,21224.17,20827.67,20827.67,1037735244
2024-03-12,20728.7,21450.97,20728.7,21450.97,1553536128
2024-03-13,21360.28,21488.88,21123.12,21251.72,894316577
2024-03-14,21275.73,21358.77,21160.45,21243.49,385226344
2024-03-15,21370.5,21725.19,20882.17,21236.86,385572803
2024-03-18,21419.69,21847.91,21419.69,21847.91,1564737861
2024-03-19,21751.55,22363.45,21454.84,22066.74,661538827
2024-03-20,22097.93,22297.81,22014.01,22213.89,610908517
2024-03-21,22107.69,22770.69,21681.3,22344.3,505313578
2024-03-22,22358.28,22403.15,22171.34,22216.22,251431400
2024-03-25,22284.26,22821.92,21684.74,22222.4,366069015
2024-03-26,22223.9,22494.44,22103.25,22373.79,572625995
2024-03-27,22324.7,23020.45,21767.23,22462.97,432596787
2024-03-28,22482.71,22727.7,21970.95,22215.94,296144763
2024-03-29,22410.45,22774.86,22055.59,22420.0,303787894
2024-04-01,22617.26,22617.26,22420.0,22420.0,336326964
2024-04-02,22380.33,23128.29,22380.33,23128.29,991443271
2024-04-03,23327.3,23327.3,23063.77,23063.77,640190082
2024-04-04,23067.24,23136.2,22928.64,22997.59,386213530
2024-04-05,22854.93,23124.1,22854.93,23124.1,269799347
2024-04-08,23095.18,23095.18,22948.63,22948.63,266200976
2024-04-09,22917.33,22917.33,22770.8,22770.8,302385782
2024-04-10,22739.49,22833.38,22631.59,22725.48,259499849
2024-04-11,22540.24,22898.3,22540.24,22898.3,216040350
2024-04-12,22907.73,23293.92,22845.84,23232.03,773850584
2024-04-15,23140.68,23809.79,22697.26,23366.37,429491657
2024-04-16,23521.62,23609.96,23277.06,23365.4,246891399
2024-04-17,23613.16,23740.65,23350.61,23478.1,375391651
2024-04-18,23543.1,23706.76,23139.97,23303.63,636452022
2024-04-19,23322.98,23841.0,22675.73,23193.75,420100774
2024-04-22,23226.09,23644.86,22750.02,23168.78,693736524
2024-04-23,23198.94,23577.66,23135.48,23514.2,939187717
2024-04-24,23487.96,24423.73,22712.09,23647.86,625621721
2024-04-25,23569.77,23569.77,23228.55,23228.55,616253555
2024-04-26,23238.13,24082.35,22560.21,23404.43,989623667
2024-04-29,23429.11,23829.19,23429.11,23829.19,663962045
2024-04-30,23967.78,23967.78,23350.0,23350.0,223579832
2024-05-01,23278.39,23784.17,22844.21,23350.0,182869330
2024-05-02,23153.19,23229.31,22736.28,22812.4,593175938
2024-05-03,22853.35,23664.34,21863.77,22674.76,213073450
2024-05-06,22834.01,22877.68,22722.2,22765.88,751617645
2024-05-07,22794.98,23128.13,22577.3,22910.45,299958358
2024-05-08,22899.31,23434.34,22355.1,22890.13,495575470
2024-05-09,22820.01,23043.44,22782.8,23006.24,546615163
2024-05-10,22932.04,23160.05,22793.47,23021.48,213846672
2024-05-13,23001.48,23001.57,22788.46,22788.55,515861745
2024-05-14,22790.74,23107.25,22520.73,22837.24,416791277
2024-05-15,22809.42,23060.07,22605.22,22855.86,353837304
2024-05-16,22801.42,23116.68,22262.04,22577.29,586529012
2024-05-17,22470.64,22981.37,21654.79,22165.52,1566907014
2024-05-20,22132.73,23462.13,21126.39,22455.79,424080240
2024-05-21,22407.37,23586.87,22407.37,23586.87,1280775793
2024-05-22,23596.53,24002.99,22814.58,23221.04,603914201
2024-05-23,22869.99,23253.59,22729.59,23113.19,411007915
2024-05-24,23216.02,23621.08,23216.02,23621.08,1432069093
2024-05-27,23703.67,23703.67,23328.55,23328.55,389928158
2024-05-28,23271.34,23756.02,22812.78,23297.46,196029942
2024-05-29,23437.22,23802.02,22866.33,23231.13,381165629
2024-05-30,23156.62,23576.88,23156.62,23576.88,1013149563
2024-05-31,23599.64,23729.84,23555.79,23686.0,630088273
2024-06-03,23658.72,24027.22,23317.5,23686.0,269008182
2024-06-04,23689.05,24157.82,23689.05,24157.82,485392042
2024-06-05,24172.23,24532.69,24162.52,24522.99,427900871
2024-06-06,24589.75,25408.71,23706.55,24525.51,371727704
2024-06-07,24556.36,24612.89,24337.65,24394.18,453237502
2024-06-10,24457.37,24790.85,24260.35,24593.83,173888280
2024-06-11,24648.39,24692.12,24307.64,24351.37,457424344
2024-06-12,24429.68,25030.48,23686.69,24287.49,360141979
2024-06-13,24404.74,24757.81,23503.28,23856.36,713638842
2024-06-14,23565.08,23830.73,23565.08,23830.73,270386539
2024-06-17,23853.31,24740.81,23853.31,24740.81,1339364110
2024-06-18,24888.83,25569.68,24072.08,24752.93,289746664
2024-06-19,24777.58,24972.19,24438.64,24633.25,240818260
2024-06-20,24593.92,25042.99,24485.28,24934.35,757374252
2024-06-21,24902.52,25092.03,24897.57,25087.08,412239368
2024-06-24,25174.28,25174.28,24674.43,24674.43,922340506
2024-06-25,24639.44,25013.22,24639.44,25013.22,1029763362
2024-06-26,24864.46,25667.7,24165.13,24968.37,201184348
2024-06-27,25096.97,25096.97,24741.22,24741.22,407870377
2024-06-28,24718.33,25135.88,24533.44,24951.0,477059863
2024-07-01,24992.39,25572.29,24371.1,24951.0,245976202
2024-07-02,25026.06,25026.06,23823.55,23823.55,2515502566
2024-07-03,23856.05,24295.22,23856.05,24295.22,493231051
2024-07-04,24292.83,24970.59,23478.74,24156.5,480837019
2024-07-05,24130.53,24219.12,23282.21,23370.79,808748166
2024-07-08,23519.93,23519.93,23252.78,23252.78,330045797
2024-07-09,23295.83,23377.3,23233.04,23314.51,350455379
2024-07-10,23184.52,23872.96,22793.85,23482.29,342051989
2024-07-11,23623.92,23802.33,23238.96,23417.37,408218223
2024-07-12,23197.67,23392.49,23197.67,23392.49,148395078
2024-07-15,23589.94,23765.9,23404.06,23580.02,369602511
2024-07-16,23531.55,23531.55,22590.41,22590.41,1432303442
2024-07-17,22556.93,22777.16,22491.64,22711.86,318834626
2024-07-18,22716.29,23322.22,22716.29,23322.22,1506056437
2024-07-19,23462.75,23817.5,23462.75,23817.5,925383446
2024-07-22,23830.93,23943.58,23828.15,23940.8,339037012
2024-07-23,23895.41,24354.22,23484.44,23943.25,414936156
2024-07-24,23789.76,24458.41,23789.76,24458.41,427334671
2024-07-25,24523.15,24840.3,24421.24,24738.39,364405335
2024-07-26,24752.86,24791.52,24632.83,24671.49,341834551
2024-07-29,24688.22,24688.22,24155.83,24155.83,281539792
2024-07-30,24199.82,24759.11,23850.15,24409.44,1065933522
2024-07-31,24266.91,25235.0,24266.91,25235.0,773660829
2024-08-01,25214.39,25485.6,24963.8,25235.0,243298731
2024-08-02,25414.89,26358.87,24697.93,25641.92,517400058
2024-08-05,25680.47,26321.66,25159.5,25800.69,536244845
2024-08-06,26008.86,26227.53,25460.51,25679.18,477631527
2024-08-07,25872.66,26087.7,25540.44,25755.48,298781892
2024-08-08,25617.21,26321.76,25310.5,26015.06,506073616
2024-08-09,26098.4,26421.74,26050.91,26374.26,755352156
2024-08-12,26362.91,26477.64,25860.73,25975.45,919917331
2024-08-13,25998.17,25998.17,25407.97,25407.97,1134419873
2024-08-14,25482.52,25700.24,25291.03,25508.75,196313874
2024-08-15,25381.63,25490.66,25276.79,25385.82,720251784
2024-08-16,25206.37,25577.47,24503.32,24874.41,856603732
2024-08-19,24714.09,24912.06,24637.94,24835.91,395528372
2024-08-20,24725.67,24780.16,24594.21,24648.71,379611720
2024-08-21,24785.49,25357.38,24407.67,24979.56,977153823
2024-08-22,24719.83,25180.0,24577.25,25037.42,398102863
2024-08-23,25169.74,25407.06,25072.09,25309.41,676938057
2024-08-26,25252.46,25965.11,25252.46,25965.11,2056319963
2024-08-27,25837.44,26809.93,25837.44,26809.93,1628756963
2024-08-28,26674.21,26674.21,26075.71,26075.71,1853735587
2024-08-29,26033.06,26183.84,25897.27,26048.05,194605578
2024-08-30,26045.32,26274.66,25948.66,26178.0,1128967572
2024-09-02,26088.46,26554.15,25712.31,26178.0,229263752
2024-09-03,26198.16,26486.45,25990.12,26278.41,253205084
2024-09-04,26333.94,26618.34,26103.86,26388.27,797603332
2024-09-05,26326.24,26326.24,25915.56,25915.56,1520701315
2024-09-06,25895.77,25895.77,25521.83,25521.83,907354112
2024-09-09,25599.59,25996.95,24984.46,25381.82,535219856
2024-09-10,25478.59,25563.83,25321.97,25407.21,514940127
2024-09-11,25313.32,25959.44,25313.32,25959.44,1958663548
2024-09-12,25800.81,26042.11,25718.88,25960.18,351952448
2024-09-13,25981.26,26213.23,25552.84,25784.81,681915410
2024-09-16,25729.63,26521.12,24641.88,25433.36,301884874
2024-09-17,25264.79,25981.58,24448.92,25165.71,333868178
2024-09-18,25280.17,25732.95,24433.88,24886.66,536331949
2024-09-19,24863.69,24863.69,24414.48,24414.48,503957030
2024-09-20,24478.6,24648.37,24182.68,24352.45,495478335
2024-09-23,24230.56,24691.24,24230.56,24691.24,845171665
2024-09-24,24640.18,24728.86,24423.54,24512.22,417982250
2024-09-25,24605.55,24605.55,23298.32,23298.32,911861771
2024-09-26,23265.51,23729.4,23094.75,23558.64,1087949946
2024-09-27,23393.05,23572.61,23345.76,23525.32,544284885
2024-09-30,23407.01,23911.0,23407.01,23911.0,291993212
2024-10-01,23999.35,24233.44,23676.92,23911.0,343231926
2024-10-02,23699.29,24017.97,23452.9,23771.59,655688237
2024-10-03,23640.72,23890.8,23479.91,23729.99,299761865
2024-10-04,23721.57,23876.77,23685.11,23840.31,215692232
2024-10-07,23942.86,24026.22,23799.53,23882.89,285641736
2024-10-08,23919.67,24094.6,23916.1,24091.04,322611696
2024-10-09,23953.71,24698.03,23953.71,24698.03,904719577
2024-10-10,24579.74,25090.39,23848.2,24358.84,1239173345
2024-10-11,24380.48,24400.88,23164.34,23184.74,702978110
2024-10-14,23230.54,23346.9,22907.56,23023.91,499303652
2024-10-15,23044.34,23060.76,22593.4,22609.81,873689394
2024-10-16,22546.35,22645.29,22505.8,22604.74,116595785
2024-10-17,22498.51,22581.88,22356.3,22439.67,633259597
2024-10-18,22396.57,22819.89,22280.53,22703.85,1036560715
2024-10-21,22791.02,22993.28,22590.87,22793.12,198402790
2024-10-22,22933.45,23509.69,22554.49,23130.73,691885146
2024-10-23,23019.94,23101.45,22882.36,22963.86,488607532
2024-10-24,23080.61,23269.87,22919.06,23108.32,1321942190
2024-10-25,23045.47,23410.84,22871.51,23236.88,154281589
2024-10-28,23391.65,23391.65,22794.04,22794.04,518833421
2024-10-29,22858.03,22991.39,22799.22,22932.58,793229631
2024-10-30,22892.83,23317.65,22712.91,23137.73,527768776
2024-10-31,23080.86,23644.0,23080.86,23644.0,1050233627
2024-11-01,23788.63,23883.15,23549.47,23644.0,448400917
2024-11-04,23822.6,23822.6,23398.37,23398.37,311265088
2024-11-05,23299.02,23299.02,23141.78,23141.78,453472757
2024-11-06,23264.03,23415.41,22853.0,23004.38,274658568
2024-11-07,23013.99,23696.22,22429.31,23111.54,372670341
2024-11-08,23451.7,23451.7,22875.59,22875.59,648427712
2024-11-11,22748.55,23053.09,22719.93,23024.48,394772352
2024-11-12,23070.59,23885.26,22376.62,23191.29,561641701
2024-11-13,23388.48,23460.12,22712.26,22783.9,553926586
2024-11-14,22846.28,23439.61,22428.41,23021.74,788007661
2024-11-15,23064.0,23631.0,23064.0,23631.0,1466118087
2024-11-18,23723.93,23723.93,23267.45,23267.45,984227126
2024-11-19,23101.16,23575.02,22895.96,23369.82,274642293
2024-11-20,23104.4,23963.02,23104.4,23963.02,1138844705
2024-11-21,23903.86,24589.47,23264.12,23949.73,247953169
2024-11-22,23896.22,23896.22,23544.24,23544.24,596547875
2024-11-25,23469.84,24207.8,22774.42,23512.38,283003151
2024-11-26,23701.14,23822.71,23418.91,23540.48,265827972
2024-11-27,23482.31,24026.57,23319.91,23864.17,503223910
2024-11-28,23703.54,23881.59,23626.26,23804.31,213295505
2024-11-29,23914.05,23914.05,23645.0,23645.0,342374811
2024-12-02,23697.2,23949.49,23392.71,23645.0,162053369
2024-12-03,23633.09,24199.35,23633.09,24199.35,1101564607
2024-12-04,24248.84,25034.73,24248.84,25034.73,1034033770
2024-12-05,24941.1,25486.36,24941.1,25486.36,440758993
2024-12-06,25531.52,25825.58,24855.59,25149.65,610364612
2024-12-09,25192.5,25430.08,24634.43,24872.02,259189272
2024-12-10,24922.12,25291.77,24846.56,25216.21,423480667
2024-12-11,25156.04,25426.07,24866.44,25136.47,358075764
2024-12-12,25239.06,25647.12,24358.64,24766.7,692646765
2024-12-13,24718.11,25264.06,23938.61,24484.56,747744977
2024-12-16,24465.88,24984.04,24020.84,24538.99,289708809
2024-12-17,24432.9,24714.21,24212.88,24494.2,156261838
2024-12-18,24595.36,24766.95,24303.96,24475.55,146439982
2024-12-19,24589.11,24589.11,24008.33,24008.33,994946713
2024-12-20,23911.3,23965.68,23745.97,23800.35,524199806
2024-12-23,23810.12,24001.41,23053.52,23244.81,835137472
2024-12-24,23286.9,23871.86,22218.13,22803.09,943620161
2024-12-25,22813.93,23149.36,22665.65,23001.08,990580698
2024-12-26,23127.34,23258.74,22931.49,23062.9,261086399
2024-12-27,23184.75,23361.21,22942.77,23119.23,305755232
2024-12-30,23165.68,23165.68,22710.45,22710.45,525528779
2024-12-31,22820.65,23180.72,22802.93,23163.0,1066533151
2025-01-01,23318.8,23733.26,22748.54,23163.0,205505195
2025-01-02,23219.3,23628.63,22695.19,23104.51,269761810
2025-01-03,23191.25,23276.46,22990.02,23075.24,251898110
2025-01-06,22946.63,23430.04,22858.89,23342.3,583186537
2025-01-07,23312.59,23532.7,23112.19,23332.3,166862938
2025-01-08,23548.7,23618.45,23180.21,23249.97,243903537
2025-01-09,23154.32,23154.32,22809.02,22809.02,689794442
2025-01-10,22763.42,23132.01,22468.05,22836.64,277955638
2025-01-13,22948.76,23513.4,22748.68,23313.31,222330521
2025-01-14,23308.73,24302.11,22390.32,23383.7,275445076
2025-01-15,23504.1,23640.76,23396.16,23532.82,253655081
2025-01-16,23389.35,23521.33,23209.03,23341.01,827133201
2025-01-17,23290.65,23321.27,22858.69,22889.31,671476214
2025-01-20,22909.75,23397.75,22516.04,23004.04,284251312
2025-01-21,22928.1,22939.52,22680.9,22692.32,391625187
2025-01-22,22580.54,22687.56,22241.24,22348.26,574356539
2025-01-23,22359.82,22843.95,22006.66,22490.8,982965012
2025-01-24,22536.02,23061.11,22522.56,23047.65,921837233
2025-01-27,23118.38,23588.52,22261.65,22731.79,599873942
2025-01-28,22659.34,22784.99,22559.38,22685.03,426724558
2025-01-29,22760.52,22867.97,22513.21,22620.66,351021814
2025-01-30,22598.13,22634.22,22521.17,22557.26,331590094
2025-01-31,22869.7,23232.59,21761.11,22124.0,940554642
2025-02-03,22258.22,22418.1,21964.12,22124.0,159212951
2025-02-04,21978.24,22519.64,21506.38,22047.78,164428304
2025-02-05,21940.64,22252.05,21775.01,22086.42,320777995
2025-02-06,22067.9,22438.88,21720.6,22091.58,204259800
2025-02-07,22061.55,22635.77,21730.19,22304.41,825213409
2025-02-10,22212.24,23250.88,22212.24,23250.88,695751411
2025-02-11,23124.47,24022.29,23124.47,24022.29,660493052
2025-02-12,24038.73,24149.63,23618.69,23729.6,590085565
2025-02-13,23807.3,23807.3,23324.46,23324.46,729401070
2025-02-14,23344.43,23369.8,23073.43,23098.8,272500101
2025-02-17,22987.96,23074.79,22913.62,23000.45,450324098
2025-02-18,23103.8,23140.63,22948.67,22985.5,205561799
2025-02-19,22974.29,23152.91,22919.96,23098.58,280012777
2025-02-20,23092.05,23225.44,22873.88,23007.27,298233954
2025-02-21,22994.5,23008.98,22760.46,22774.94,512847012
2025-02-24,22647.63,22715.25,22588.18,22655.8,429794061
2025-02-25,22556.78,22700.13,22542.95,22686.29,286234297
2025-02-26,22704.33,23451.2,22475.17,23222.04,719875916
2025-02-27,23285.29,23757.75,22794.8,23267.27,126852999
2025-02-28,23080.49,23930.49,22669.0,23519.0,533451465
2025-03-03,23323.96,23928.22,22914.74,23519.0,288528587
2025-03-04,23477.73,23576.36,23435.86,23534.49,335724083
2025-03-05,23551.05,23735.3,23233.53,23417.78,376596655
2025-03-06,23370.58,24305.61,23370.58,24305.61,1177830945
2025-03-07,24306.35,24306.35,24032.5,24032.5,514855941
2025-03-10,24196.17,24807.29,23542.0,24153.12,485147860
2025-03-11,24168.21,24310.56,24062.33,24204.69,222664174
2025-03-12,24171.5,24323.99,23724.71,23877.2,386354093
2025-03-13,23825.49,23825.49,23567.05,23567.05,539420445
2025-03-14,23865.78,24676.9,23199.69,24010.82,588997036
2025-03-17,23846.26,24484.92,23446.16,24084.82,488380363
2025-03-18,24014.48,24311.75,22882.94,23180.21,2136525100
2025-03-19,23161.4,23924.29,23161.4,23924.29,996667516
2025-03-20,24014.21,24085.51,23897.0,23968.3,384547682
2025-03-21,23950.41,25573.95,22871.07,24494.6,1872983061
2025-03-24,24368.93,24512.14,23766.34,23909.55,1291374372
2025-03-25,23937.55,24616.77,23523.58,24202.8,625348678
2025-03-26,24277.31,24299.72,24081.3,24103.72,430378540
2025-03-27,24143.53,24143.53,23029.1,23029.1,1433517175
2025-03-28,23293.35,23720.19,23244.03,23670.87,539583340
2025-03-31,23583.4,24135.62,23486.78,24039.0,879110299
2025-04-01,23877.49,24432.17,23484.31,24039.0,513935190
2025-04-02,23932.15,24224.95,23932.15,24224.95,568097449
2025-04-03,24067.39,25106.42,23075.59,24114.63,903068320
2025-04-04,24094.36,24348.14,23500.42,23754.21,619654302
2025-04-07,23862.16,24116.51,23544.13,23798.48,436687025
2025-04-08,23714.19,23972.46,23714.19,23972.46,412960515
2025-04-09,24049.37,24428.88,23679.6,24059.1,234584846
2025-04-10,23980.86,24164.05,23760.95,23944.13,403828373
2025-04-11,23810.98,23953.79,23762.73,23905.53,227090352
2025-04-14,23863.11,25161.06,22736.71,24034.67,284492750
2025-04-15,23954.06,24175.56,23417.28,23638.78,499553210
2025-04-16,23739.31,23739.31,22969.71,22969.71,1123226195
2025-04-17,22828.71,23279.49,22702.05,23152.84,308731621
2025-04-18,23282.45,23648.32,23030.92,23396.78,685034397
2025-04-21,23340.22,23829.42,22821.12,23310.32,270862274
2025-04-22,23356.28,23870.97,22655.64,23170.33,389960633
2025-04-23,23294.43,23453.12,23168.86,23327.55,771285317
2025-04-24,23285.32,23796.69,23279.6,23790.98,1008904597
2025-04-25,23957.12,23957.12,23616.13,23616.13,555861823
2025-04-28,23628.98,24088.72,23628.98,24088.72,1600837735
2025-04-29,24278.41,25781.8,23676.43,25179.82,1335049771
2025-04-30,25098.69,25164.24,24684.44,24750.0,373485356
